,0
000,48
000000,1
00pm,1
02,4
03,5
0399,1
04,6
05,4
05_,4
07_,2
10,58
100,51
1000,2
101,3
10pm,1
10s,1
11,4
1101,2
113,1
1130p,1
1141,1
11p,1
12,26
120,2
129,1
13,3
134,4
135,1
1365,2
139mm,2
14,4
140,1
15,12
150,1
1500,1
15106,1
1573,1
159829,1
16,3
160,10
160002,1
162,1
17,5
170,1
18,6
180,2
180k,2
1851,2
1863,4
1878,1
1885,1
19,3
1904,2
1904labs,4
1925,1
1929,1
1936,1
1974,1
1977,1
1989,1
1990,2
1992,1
1995,1
1996,2
1997,1
1st,1
20,26
200,10
2000,3
20000,1
2003,2
2005,1
2007,1
2009,1
200k,1
2010,1
2011,2
2012,4
2013,6
2014,1
2015,6
2016,5
2017,10
2018,14
2019,10
2020,17
204,3
205,1
20b,1
20wd38094,1
20wd39526,1
20wd39619,1
21,5
212,1
214,2
21495,1
218,4
21st,2
22,6
220,1
2200,2
220k,2
230,2
24,6
240,4
2475,2
24_,4
24b,2
25,14
250,2
25_,2
25lbs,1
25th,1
26_,2
27,1
27001,1
2720,1
275,1
277,2
279463br,1
27_,2
27th,4
28,2
28277,2
288341br,2
2d,1
30,13
300,7
3000,1
3066,1
30am,3
30pm,2
310433,1
310562,2
310566,1
310709,2
313,1
3179,2
321,4
33,1
345,2
35,7
3553,1
360º,1
36469,1
365,1
37,1
38,3
39,1
395,1
3d,7
3k,1
3nf,1
3p,1
3rd,2
40,14
400,3
401,36
401k,26
403,1
405,1
41,1
42,1
4232,1
4355,1
44,1
45,2
450,3
457,1
45k,1
45pm,1
46,1
488,2
50,26
500,26
5000,7
5054,2
50lbs,1
529,1
52k,1
53433br,1
540,1
544,1
550,1
5568,1
585,2
58k,1
5a,1
5k,2
5m,1
60,7
600,8
6000,5
6003,1
605,1
61,1
635,1
639,1
65,4
658,1
67,1
70,11
700,1
703,5
710,4
730a,1
741,1
75,3
750,3
77,1
795,1
7park,3
80,14
800,2
805,1
80m,1
8140,1
833,1
834,1
835,2
837,2
84,1
846,1
849,1
85,3
850,1
877,1
8900,1
8th,1
90,3
900,1
9001,1
90017,1
901,1
927,2
93,1
93mm,1
97134,2
975,1
978,2
994,1
997,1
999,2
_2020,16
_______________________________,1
_appld,1
_biological,2
_chem,1
_closing,8
_computation,3
_data,2
_directorate,8
_discipline,1
_earth,4
_exceed_,1
_exposure,2
_group,8
_job,8
_national,4
_opening,8
_please,8
_scientists,5
_the,1
_your,1
a1,1
aa,3
aam,11
aamhr,1
ab,4
aba,5
abac,1
abb,6
abcam,1
abcc,6
abft,6
abhi,6
abide,1
abides,1
abilities,32
ability,579
able,154
abm,5
abmgg,6
abmli,6
abmm,6
abnormal,1
abound,1
abrasive,1
abreast,10
abroad,4
absence,2
absolutely,1
absorption,1
abstract,7
abstractions,1
abundant,1
abuse,2
ac,4
aca,2
academia,5
academic,25
acasual,1
accel,2
accelerate,26
accelerating,1
accelerometer,2
accenture,2
accept,18
acceptable,4
acceptably,1
acceptance,10
accepted,5
accepting,1
access,88
accessed,1
accesses,1
accessibility,6
accessible,7
accessing,4
accession,1
accommodates,1
accommodation,61
accommodations,25
accompanied,1
accompanying,1
accomplish,6
accomplished,5
accomplishes,2
accomplishing,1
accomplishments,10
accordance,17
according,5
accordingly,5
account,26
accountabilities,7
accountability,13
accountable,17
accounting,14
accounts,9
accreditation,6
accredited,23
accrediting,1
accrual,1
accruals,1
accumulated,1
accumulo,5
accuracy,44
accurate,39
accurately,6
accuride,3
accustomed,1
achieve,65
achieved,3
achievement,2
achievements,2
achieving,6
acids,1
acknowledgement,1
acknowledgment,1
acm,30
acorn,1
acornai,3
acquire,12
acquired,4
acquires,3
acquiring,1
acquisition,44
acronym,2
acs,1
act,37
acting,1
action,105
actionable,82
actions,13
activation,4
active,47
actively,21
actives,1
activities,101
activity,21
actors,2
acts,3
actual,6
actually,3
actuarial,17
actuaries,3
acuity,1
acumen,13
acyclic,1
ad,57
ada,4
adam,1
adapt,11
adaptability,6
adaptable,7
adapted,1
adapter,1
adapting,5
adaptive,5
add,11
added,5
adding,3
addition,35
additional,61
additionally,14
additions,1
address,58
addresses,9
addressing,3
adds,1
adept,10
adeq,2
adequate,5
adequately,1
adhere,4
adhered,1
adherence,6
adheres,2
adhering,3
adjacent,4
adjust,10
adjusted,1
adjusting,4
adjustment,1
adjustments,1
admin,1
administered,1
administers,2
administration,5
administrative,9
administrator,1
admission,1
admit,2
admittance,2
adobe,10
adolescence,1
adopt,7
adopters,1
adopting,1
adoption,22
adoptive,3
ads,4
adt,1
adult,4
adulthood,1
adults,2
advance,40
advanced,303
advancement,15
advancements,4
advances,9
advancing,8
advantage,18
advantages,8
adventurous,1
adversaries,1
adversary,1
adverse,2
advertisement,1
advertisements,2
advertisers,2
advertising,16
advice,10
advise,22
advised,2
advises,1
advisor,6
advisors,3
advisory,2
advocacy,3
advocate,3
advocates,1
advocating,1
adwords,1
aeci,12
aerial,2
aerospace,3
af,2
afb,1
affairs,16
affect,4
affecting,2
affects,2
affiliated,5
affiliates,1
affiliation,2
affinity,3
affirmative,74
affordability,1
affordable,6
aflac,2
afraid,4
africa,2
afs,1
ag,2
age,113
ageing,4
agencies,29
agency,48
agenda,3
agent,8
agents,8
aggregate,22
aggregating,2
aggregation,8
aggregations,1
aggressive,1
aggressively,2
agile,79
agility,3
agios,5
ago,2
agreed,3
agreement,4
agreements,1
agriculture,1
ahcusa,1
ahead,11
ai,194
aid,4
aida,1
aided,3
aids,2
aim,10
aimed,1
aina,1
air,11
airbnb,1
airborne,1
airflow,9
airlines,3
airplane,2
airport,2
airspace,2
akkroo,1
al,5
alabama,3
alabaster,1
alarm,1
alaska,2
alation,2
albuquerque,1
alert,1
alerting,2
alexandria,5
algebra,5
algorithm,24
algorithmic,13
algorithms,182
algos,3
alice,1
alien,2
align,11
aligned,2
alignment,5
aligns,1
alike,2
allconnect,1
allegacy,2
allendale,1
alliance,7
alligator,1
allocation,5
allocations,1
allogeneic,4
allotted,1
allow,21
allowance,4
allowed,2
allowing,3
allows,13
alongside,18
alpha,2
altair,1
altering,1
alternate,4
alternative,10
alternatively,1
alternatives,2
alteryx,5
alto,3
amazing,11
amazon,15
ambassador,1
ambiguity,12
ambiguous,5
ambiguously,4
ambition,3
ambitions,3
ambitious,2
ambulatory,1
ameliorating,1
amended,2
amendments,1
amenities,1
america,16
american,22
americans,10
amherst,2
ami,1
amounts,42
amphenol,2
amplification,2
amplified,1
amps,1
amrock,4
analog,4
analyse,1
analyses,88
analysis,638
analyst,130
analysts,63
analytic,75
analytical,283
analytically,1
analytics,673
analytics_,2
analyze,167
analyzer,6
analyzes,9
analyzing,61
ancestry,36
anchored,1
ancillary,2
andqualification,1
android,1
angeles,8
angle,2
angles,2
angular,5
anheuser,2
animal,2
animals,1
anlayitc,1
anlytics,1
ann,1
annotation,2
annual,22
annually,10
annuities,2
anomalies,12
anomaly,19
anova,1
ansi,1
ansible,3
answer,26
answering,2
answers,8
answervalue,1
ansys,2
anti,3
anticipate,3
anticipates,6
antonio,1
apache,16
apart,7
apartment,3
apex,1
api,24
apis,23
apl,7
apls,2
app,4
appcast,1
appealing,7
appear,1
appearance,2
appeared,1
appended,2
appendix,4
appetite,1
appformix,2
apple,1
applicability,2
applicable,68
applicant,53
applicants,128
application,114
applications,124
applied,112
applies,18
apply,201
applying,86
appointment,3
appointments,2
appreciate,2
appreciated,2
appreciation,4
approach,47
approaches,69
approaching,1
appropriate,80
appropriately,11
approval,11
approve,7
approved,11
approving,1
approximately,14
apps,7
aprima,1
aptitude,13
ar,1
ara,3
arcgis,17
architect,22
architecting,8
architects,8
architectural,7
architecture,64
architectures,15
archives,1
arcmap,2
arcserver,1
area,52
areas,93
aren,6
areté,1
argo,10
argogroup,2
arguments,1
arima,2
arizona,2
arkansas,1
arlington,3
arm,2
armed,5
arming,1
armonk,2
arms,5
army,2
arrange,1
arrangements,3
array,9
arrest,6
arrive,1
arry,1
art,43
article,1
articles,3
articulate,13
articulated,2
articulating,4
artifacts,2
artificial,56
artificially,1
artistry,2
artiﬁcial,1
arts,1
artworks,2
as1,1
asa,2
ascii,2
ascp,2
aseptic,1
asia,1
aside,3
ask,13
asked,6
asking,5
asks,2
asos,1
aspect,2
aspects,29
aspirations,1
aspire,3
aspiring,1
aspx,6
assault,1
assay,4
assays,46
assemble,5
assembler,1
assembling,1
assembly,5
assess,38
assessed,2
assesses,1
assessing,4
assessment,27
assessments,17
asset,23
assets,28
assigned,40
assigning,2
assignment,17
assignments,24
assimilate,2
assimilating,2
assist,85
assistance,34
assistant,5
assistants,3
assisting,7
assistive,1
assists,18
associate,32
associated,25
associates,20
association,7
assume,3
assuming,1
assumption,2
assumptions,3
assurance,17
assure,3
aster,1
astrazeneca,1
asylee,1
asymmetric,1
athena,5
athletes,2
atlanta,1
atlantic,4
atmosphere,7
atmospheric,1
atoll,4
attach,3
attachments,1
attack,1
attacks,3
attain,1
attainment,1
attempt,1
attend,3
attendance,2
attending,4
attends,1
attention,32
attire,4
attitude,18
attitudes,1
attract,5
attracting,3
attractive,2
attributes,17
attribution,4
atwww,1
auc,1
auction,1
auctioning,1
auctions,2
audible,1
audibles,1
audience,29
audiences,45
audio,3
audiological,1
audit,5
auditability,2
auditing,2
audits,5
augment,10
augmented,3
aurora,2
austere,1
australia,3
auth,2
authentic,7
author,11
authored,1
authoring,3
authoritative,1
authorities,4
authority,9
authorization,18
authorized,12
authors,1
autism,1
auto,4
autocad,1
autodesk,10
autoencoders,1
autoimmune,20
automate,31
automated,26
automates,5
automatic,5
automatically,2
automating,10
automation,55
automations,1
automobile,1
automotive,9
automotivemastermind,1
autonomous,5
autonomously,5
autonomy,2
availability,13
available,59
avanade,1
avenues,2
average,5
aviation,7
avoid,1
avro,1
award,15
awarded,3
awardee,1
awards,7
aware,14
awareness,21
away,8
awesome,7
awon,2
aws,85
ax,1
axle,1
azure,55
b2b,14
ba,21
baby,1
baccalaureate,1
bachelor,126
bachelors,28
backbone,1
backed,12
backend,14
background,93
backgrounds,18
backing,2
backpressure,1
backyard,2
badge,4
balance,21
balanced,1
balances,1
ballistic,3
baltimore,1
bamako,1
band,2
bandits,1
bangalore,3
bank,24
banking,20
bankrate,1
banks,3
banner,1
bar,2
barbara,1
barcode,3
barcodes,1
barriers,3
barry,1
bars,3
bas,2
base,34
baseball,2
based,281
baseline,1
bases,3
bash,5
basic,58
basically,1
basics,2
basis,61
baskets,1
bat,1
batch,15
batches,1
battelle,9
battery,2
battles,1
bay,8
bayes,12
bayesian,15
bbn,3
bcbst,5
bcche,1
bci,1
beach,2
beachcombers,1
beam,3
bean,1
bear,3
beat,2
beautiful,3
beautifulsoup,2
beauty,2
beck,1
beckman,3
bee,1
beer,1
began,2
begin,7
beginning,1
beginnings,3
begins,1
behalf,12
behaved,1
behavior,37
behavioral,22
behaviors,3
behavioural,3
belief,5
believe,51
believes,6
bellevue,2
belong,2
belt,1
bench,6
benchmarks,3
benchtop,1
bend,1
bending,1
beneficial,4
beneficiaries,2
benefit,27
benefits,157
benefitsoverview,2
bent,1
bereavement,1
berkeley,3
bert,2
besp,1
bespoke,1
best,209
bet,1
beta,1
better,96
beverage,1
beverages,1
bgp,1
bi,77
bias,5
biased,1
biases,2
bibliographic,1
bidding,3
bids,1
big,168
bigger,3
biggest,9
bigquery,10
bigqueryor,1
bigtable,1
bike,8
bikes,3
billcom,2
billing,2
billion,22
billions,10
binding,1
bing,1
bio,1
bio20,1
bioanalytical,1
bioassay,1
bioassays,1
biobanks,2
biochemical,6
biochemistry,15
biochemists,1
bioconductor,1
bioengineering,3
bioforensics,1
bioinformatic,1
bioinformaticians,3
bioinformatics,17
biolabs,4
biologic,2
biological,67
biologically,2
biologics,8
biologists,3
biology,60
biomarin,3
biomarins,3
biomarker,6
biomarkers,10
biomechanical,1
biomechanics,2
biomedical,22
biopharma,3
biopharmaceutical,7
biophysics,1
bioprocess,3
biosample,1
bioscience,1
biosciences,1
biosecurity,1
biosignal,4
biosource,1
biostatistician,2
biostatisticians,1
biostatistics,10
biosystematics,1
biotech,4
biotechnology,8
birmingham,1
birst,1
birth,7
birthing,4
bit,2
bitbucket,3
biz2credit,5
black,1
blazing,2
ble,2
bleeding,2
blend,3
blending,1
blends,2
blob,1
blockers,1
blocks,5
blog,8
blogging,1
blogs,3
blood,12
bloomnet,1
blot,2
blots,2
blue,1
bluecross,6
blueprint,6
blueray,2
blueshield,6
bm1,1
bmds,6
bmi,24
board,13
boarding,3
boards,1
bodies,2
body,6
boiler,1
bold,5
bolder,1
boldly,2
boltzmann,1
bombers,2
bond,1
bonding,1
bone,1
bonus,31
bonuses,6
book,4
booking,2
bookings,1
bookkeeping,1
boost,2
boosting,14
boot,3
bootcamp,1
booth,1
bootstrap,7
borne,1
bose,1
boston,14
bot,2
bots,1
bottlenecks,1
bounce,1
boundaries,14
bounding,1
boutique,1
box,13
boxes,1
boys,10
bpa,2
bpmn,1
bpr,1
bqml,1
brain,2
brainstorm,1
brainstorming,4
branch,3
brand,16
branding,2
brands,39
brandywine,1
breach,2
breadth,4
break,10
breakdown,3
breakdowns,1
breaking,5
breakthrough,6
breakthroughs,5
breastfeeding,7
breathe,1
breezy,1
bricks,2
bridg,8
bridge,6
bridging,1
brief,3
briefing,2
briefings,3
briefs,3
bright,3
brighter,3
brightest,9
brighthouse,12
brillient,8
bring,61
bringing,16
brings,6
brisbane,1
britelings,1
british,4
broad,49
broadcast,2
broaden,2
broadening,1
broader,6
broadest,4
broadly,2
broken,1
broker,2
brokerage,1
brokers,1
brought,6
browser,2
brute,1
bs,47
bsc,1
bsl,1
bss,8
bucketing,1
buckets,1
bucks,2
budget,18
budgeting,3
budgets,3
buffalo,2
bug,2
bugs,8
build,261
buildah,1
builder,2
builders,2
building,217
buildout,1
builds,14
built,35
bulk,1
bullets,3
bumed,1
bundled,1
bunge,1
bureau,1
bureaucratic,2
bus,1
busch,2
business,964
businesses,29
bustling,1
busy,2
button,5
buy,4
buyer,2
buyers,1
buying,1
c2,1
c2s,1
c5isr,1
c_spaceglobal,1
ca,22
cabinet,1
cabins,1
cad,1
cadd,2
cadence,2
cafes,2
caffe,3
caffe2,2
café,1
calcium,2
calculate,2
calculates,1
calculating,2
calculations,1
calculator,2
calculus,1
calendars,1
caliber,1
calibration,4
calibre,4
calibrecareers,2
calibresys,2
calif,1
california,21
callahan,2
called,1
calling,1
calls,16
caltrain,2
cambridge,18
came,1
campaign,25
campaigns,23
campus,3
canada,1
cancelretry,1
cancer,21
cancers,1
candidate,169
candidateis,1
candidates,70
candidatesminimum,1
candy,1
canton,2
canvas,1
cap,6
capa,1
capabilities,96
capability,10
capable,17
capacity,14
capgemini,9
capital,14
capitalist,1
capitalized,4
capslo,5
captech,10
captechers,1
capture,21
captured,2
captures,2
capturing,1
car,2
card,5
cardiology,2
cardiovascular,6
cards,4
care,95
caredx,4
career,71
careers,55
careersca,2
careful,1
carefully,6
caregiver,1
caregivers,2
cares,5
caret,1
caring,4
carmeuse,1
carnegie,6
carolina,1
caroline,1
carpool,1
carried,6
carrier,3
carriers,3
carry,3
carrying,5
cart,1
carto,1
cartographic,1
cartography,1
case,17
caseload,1
cases,37
cash,8
cashless,3
casino,2
casp,1
cassandra,11
casting,1
casual,14
casualty,1
catalist,1
catalog,1
catalogue,2
cataloguing,1
catalyst,2
catapult,2
catastrophes,4
catch,1
categories,2
categorization,2
category,25
cater,1
catered,6
caterpillar,6
causal,7
causation,1
cause,10
causes,4
causing,2
cboe,1
cbs,3
cbsi,1
cbsinteractive,2
cbss,3
ccdll,2
ccpa,4
ccs,1
cd,12
cdash,2
cdisc,2
cdm,1
cdo,6
celebrate,5
celebrated,5
celebrates,5
celebrating,1
celebrations,6
celebratory,1
celery,1
cell,58
cells,17
cellular,20
cement,1
cems,2
census,1
centauri,2
center,28
centered,3
centers,14
centos,1
central,5
centralized,6
centralizing,1
centralreach,7
centric,19
centro,8
century,2
ceo,4
cer,1
cerner,1
certain,13
certainly,2
certificate,7
certificates,2
certification,26
certifications,16
certified,16
cetsa,1
cfa,1
cfr,7
cga,1
cgmp,3
ch1,2
chaid,1
chain,13
chainer,1
chains,2
challenge,21
challenged,3
challenges,90
challenging,59
champion,5
championed,2
champions,2
chance,10
change,66
changed,7
changes,27
changing,60
channel,9
channels,9
characteristic,37
characteristics,17
characterization,14
characterize,6
characterizing,3
characters,4
charge,3
charged,1
charitable,7
charity,1
charlotte,4
charlottesville,1
charm,1
charter,1
chartered,7
charterholders,1
charting,4
charts,6
chat,4
chats,2
cheapoair,1
check,30
checking,2
checkout,1
checkpoint,2
checks,4
chef,6
chemical,42
chemicals,4
cheminformaticians,2
cheminformatics,16
chemist,4
chemistry,101
chemists,6
cheryl,1
chest,1
chester,2
chestnut,1
chewing,1
chicago,19
chief,12
child,9
childbirth,4
childhood,4
children,8
china,1
chinese,2
chip,3
chips,3
chocolatesm,1
choice,7
choices,2
choose,6
chooses,1
chops,3
chosen,5
chris,1
christ,3
chromatographic,2
chromatography,1
church,11
churchdwight,2
churchofjesuschrist,3
churn,4
ci,14
cia,2
cicero,2
cigarettes,2
cigars,1
cigna,1
cii,1
cincinnati,4
cio,1
cioms,3
circleci,1
circuit,2
circuits,1
circulating,1
circumstances,3
cis,1
cisco,3
cism,1
cissp,2
citadel,18
citi,12
citigroup,1
citis,1
citizen,8
citizens,4
citizenship,55
city,14
civil,3
ck,7
ck12,1
claim,3
claims,19
clara,2
clarifi,1
clarification,3
clarity,8
class,56
classes,13
classical,7
classification,43
classifications,1
classified,7
classifiers,5
classify,3
classroom,4
classrooms,1
clean,26
cleaned,2
cleaning,26
cleanliness,1
cleans,1
cleanse,11
cleansed,1
cleansing,12
cleanup,2
clear,52
clearance,65
clearances,2
clearedge,15
clearedgeit,6
clearing,4
clearinghouse,10
clearly,41
clearone,2
cli,3
clia,1
cliché,1
click,29
clickhere,1
clicks,2
clickstream,1
clickview,2
client,153
clients,237
climate,4
climb,1
climbing,3
clinic,3
clinical,204
clinically,3
clinicians,7
clinics,3
clis,2
clojure,2
close,21
closely,118
closest,1
closure,2
closures,3
cloud,162
cloudant,1
cloudera,3
cloudwatch,2
club,1
cluster,8
clustered,1
clustering,45
clusters,5
clutch,2
cm,1
cmc,10
cmmi,2
cmo,2
cmos,3
cmu,4
cnn,1
cnns,1
cns,4
coa,4
coach,7
coachable,2
coaching,7
coal,2
coapply,1
coast,1
coastal,1
coaster,1
coatesville,1
cobre,1
code,119
codebase,2
codes,2
codify,2
coding,27
coffee,2
cognition,1
cognitive,6
cognos,5
cogo,16
coherent,1
cohesive,6
cohesively,1
cohort,2
coleman,1
collaborate,107
collaborated,1
collaborates,7
collaborating,18
collaboration,57
collaborations,5
collaborative,91
collaboratively,36
collaboratives,2
collaborator,2
collaborators,14
colleagues,40
collect,30
collected,20
collecting,11
collection,71
collections,3
collective,7
collectively,4
collects,4
college,27
colleges,2
collegial,4
collegiality,1
collibra,1
colocalization,1
color,130
colorado,3
columbia,1
column,1
com,148
combat,1
combination,25
combinations,2
combine,19
combined,11
combines,12
combining,14
comcast,4
come,50
comes,7
comfort,13
comfortability,1
comfortable,65
comfortably,1
comfy,1
coming,17
comma,2
command,23
commands,4
commence,1
commencement,1
commensurate,3
comments,1
commerce,29
commercial,29
commercialization,4
commercialize,1
commiserate,1
commission,2
commissioning,1
commitment,22
commitments,12
committed,60
committees,2
commodities,1
common,32
commonality,2
commoner,1
commonly,6
commonplace,1
communicate,129
communicated,1
communicates,16
communicating,33
communication,227
communications,31
communicative,1
communicator,11
communicators,3
communities,27
community,66
commutable,2
commute,7
commuter,8
commuting,1
comp,1
companies,101
company,448
comparable,4
comparative,4
compare,1
comparison,3
comparisons,1
compass,3
compassion,4
compassionate,1
compelling,8
compensate,1
compensation,31
compete,2
competence,9
competencies,30
competency,5
competent,9
competing,5
competition,4
competitions,3
competitive,94
competitor,1
competitors,5
compile,4
compiles,1
compiling,1
complaints,2
complement,4
complementary,6
complete,42
completed,10
completely,4
completeness,6
completes,2
completing,10
completion,26
complex,235
complexities,1
complexity,17
compliance,57
compliant,4
complicated,7
complies,14
complimentary,7
comply,15
component,12
components,15
composed,3
composing,1
compound,3
comprehend,3
comprehension,2
comprehensions,1
comprehensive,65
compressive,2
comprise,1
comprised,5
comprising,3
compromise,1
compromises,2
comprosed,1
comptia,1
compulsion,1
computation,2
computational,89
computationally,3
computations,1
compute,6
computer,330
computers,6
computing,49
comscore,12
comscores,1
comâ,1
conceive,2
conceives,2
conceiving,2
concentrated,1
concentration,1
concept,10
conception,3
concepts,88
conceptual,3
conceptualize,5
conceptualizing,1
conceptually,2
concern,1
concerning,4
concerns,4
concert,3
conch,1
conchtech,2
concise,18
concisely,9
conclusion,1
conclusions,16
conclusive,3
concrete,4
concurrent,2
concurrently,4
condition,16
conditions,25
condone,1
conduct,43
conducted,7
conducting,30
conducts,9
conference,15
conferences,19
conferencing,1
confidence,12
confident,6
confidential,26
confidentiality,10
confidently,3
configuration,4
configurations,2
configure,2
configuring,2
confirm,4
conflicting,2
conflicts,4
confluence,3
confocal,2
conform,2
conformational,3
confounding,2
confront,1
confronts,1
congress,2
congressional,1
conjunction,8
connect,20
connected,6
connecticut,1
connecting,5
connection,2
connections,5
connectors,3
connects,2
conquering,1
cons,2
conscious,4
consecutive,9
consensus,2
consequence,1
consider,26
considerable,6
consideration,50
considerations,3
considered,43
considers,1
consist,6
consistency,3
consistent,23
consistently,9
consisting,5
consists,9
console,2
consoles,2
consolidate,2
consolidates,1
consolidating,1
consolidation,2
constant,4
constantly,15
constituent,1
constitute,3
constrained,1
constraints,2
construct,9
constructing,7
construction,10
constructive,6
constructs,1
consult,6
consultancy,5
consultant,12
consultants,36
consultation,1
consultations,1
consultative,5
consulting,47
consults,2
consumable,1
consume,1
consumer,40
consumerization,2
consumers,28
consumption,4
contact,47
contacted,5
contacting,1
contacts,3
contain,3
container,6
containerization,3
containerized,1
containers,5
containing,2
contaminant,1
contemporaneously,1
content,27
contests,1
context,18
contexts,1
contextual,2
contextualizing,1
continental,1
contingency,2
contingent,3
continual,9
continually,13
continue,28
continued,11
continues,4
continuing,13
continuity,1
continuous,46
continuously,19
continuum,1
contract,22
contracted,3
contracting,3
contractor,12
contractors,15
contracts,3
contractual,4
contractually,1
contrast,1
contribue,2
contribute,75
contributes,7
contributing,23
contribution,11
contributions,21
contributor,16
contributors,3
control,76
controlled,6
controlling,2
controls,12
conus,1
convenient,5
conventional,2
conventions,3
converge,1
convergence,1
conversations,1
conversion,15
conversions,6
convert,4
converted,1
convex,2
convey,4
conveying,1
conveys,1
conviction,7
convince,4
convolutional,3
cookies,1
cooking,1
cool,5
cooperation,1
cooperative,1
cooperatively,3
coordinate,18
coordinated,3
coordinates,3
coordinating,8
coordination,8
coordinator,1
coordinators,2
copay,1
copier,2
copy,6
cor,1
corcentric,5
core,100
corners,1
cornerstone,5
corp,2
corporate,35
corporation,17
corporations,2
correct,4
correcting,2
correction,1
corrections,1
corrective,3
correctly,1
correlate,1
correlation,14
correlations,6
corresponding,1
cosmetics,1
cost,35
costs,19
costume,1
coulter,3
council,4
counseling,2
count,1
counted,2
counter,2
counterparts,2
counterparty,1
countersigned,1
counties,3
countless,1
countries,14
country,19
counts,1
county,5
coupled,1
courage,3
courageous,3
course,7
courses,5
coursework,6
court,1
cover,8
coverage,20
covered,7
covering,2
covers,4
coworkers,2
cpcc,1
cpg,4
cpr,1
craft,11
crafting,3
crain,5
crave,3
crawling,2
crazy,1
crc,1
creams,1
create,178
created,14
createelement,1
createing,2
creates,9
creating,109
creation,35
creative,73
creatively,11
creativity,28
creator,1
creators,6
credential,2
credentialing,1
credentials,6
credera,9
credibility,1
credit,31
credits,1
creed,20
creighton,2
crf,2
criminal,11
crisis,1
criteo,1
criteria,4
critical,110
criticality,1
critically,4
crm,14
cro,7
cros,6
cross,100
crossfitters,2
crossing,2
crowd,2
crowdstar,1
crucial,4
crunchbase,1
crystallizations,1
cs,7
cspace,1
cspaceglobal,1
css,11
css3,2
ct,5
ctl,1
ctls,2
cto,2
ctos,2
ctp,1
ctr,3
cuda,4
culminate,2
cultivate,7
cultivating,6
cultural,4
culturally,2
culture,115
cultures,3
curated,2
curator,2
curiosity,12
curious,27
currency,1
current,89
currently,58
curriculum,2
curt,2
cusp,2
custodian,1
custom,32
customer,284
customers,223
customization,2
customize,2
customized,13
cut,2
cutting,63
cv,4
cve,1
cvmfs,2
cvrm,8
cvs,4
cwl,2
cyber,28
cybercrime,4
cybersecurity,26
cyberspace,1
cycle,13
cycles,1
cyrusone,14
cytometry,8
cze,1
d3,13
d365,1
daas,1
dabt,2
daiis,1
daily,40
dainippon,3
dallas,2
danaher,6
dao,2
darian,1
dash,2
dashboard,14
dashboarding,3
dashboards,65
dask,4
dassault,1
data,4682
database,137
databases,110
databricks,2
datacenter,1
datacentered,2
datacreating,1
datadog,1
dataflow,2
dataframes,2
dataiku,2
datarobot,2
dataset,6
datasets,88
datastore,3
datastores,3
datastudio,1
dataunderstanding,1
datawarehouse,2
date,40
dates,4
datorama,1
daunting,1
david,6
dawn,2
day,117
daydreamers,1
days,35
daytime,2
db,1
db2,3
dba,1
dbeaver,1
dbmss,1
dbscan,1
dc,17
dcf,1
dcor,1
ddb,1
ddl,1
ddu,1
dead,1
deadline,2
deadlines,28
deafness,2
deal,2
dealers,2
dealerships,1
dealing,4
deals,2
death,1
deaths,1
debilitating,1
debit,2
debt,7
debtor,1
debug,3
debugging,4
debugs,3
decade,4
decades,7
december,1
decided,2
decision,96
decisioning,5
decisions,110
decisive,4
deck,4
decommissioning,1
decrease,1
decreasing,1
dedicated,44
dedication,14
deduce,2
deemed,1
deep,183
deepen,1
deepening,1
deeper,8
deeply,9
default,2
defect,2
defects,1
defend,3
defended,2
defenders,1
defense,31
defensible,1
deferred,1
deficiencies,4
define,57
defined,26
defines,3
defining,12
definite,1
definition,9
definitions,9
definitive,1
degradation,4
degree,332
degrees,10
delaware,2
deleted,2
deliberately,1
delight,2
delimited,2
delineated,1
deliver,152
deliverable,1
deliverables,22
delivered,12
deliveries,1
delivering,46
delivers,6
delivery,50
dell,1
deloitte,1
delphi,1
demand,23
demandbase,9
demanded,1
demanding,4
demands,16
demeanor,2
demo,4
democratic,1
democratize,6
democratizing,2
demographic,8
demographics,1
demonstrable,5
demonstrate,35
demonstrated,125
demonstrates,11
demonstrating,7
demonstration,2
demonstrations,3
demos,5
denial,2
density,1
dental,54
dentaquest,1
dentaquests,1
denver,5
department,104
departmental,7
departments,31
depend,6
dependability,2
dependable,2
dependent,3
dependents,3
depending,6
depends,2
depict,2
deploy,35
deployable,2
deployed,17
deploying,28
deployment,56
deployments,5
deploys,1
depth,26
deputy,1
derail,1
derisking,1
derivatives,1
derive,16
derived,4
deriving,3
descent,2
desciplines,1
described,4
describes,4
description,86
descriptions,1
descriptive,8
descriptor,3
deserve,3
design,382
designated,4
designation,1
designed,29
designers,16
designing,89
designpac,1
designs,24
desirability,2
desirable,35
desire,26
desired,51
desires,2
desk,6
desktop,1
destination,2
destiny,3
destruction,1
detailed,21
details,19
detect,15
detecting,1
detection,47
detectors,1
determination,13
determine,36
determined,6
determines,2
determining,2
detroit,3
dev,5
develop,438
developed,23
developer,22
developers,25
developing,166
development,645
developmental,4
developments,12
develops,42
deviation,3
deviations,3
device,8
devices,9
devils,1
devise,4
devising,2
devops,17
devoted,4
devs,2
devsecops,2
dexterity,3
dfj,2
dhcm,1
dhis2,1
dhr,1
dhs,10
diabetes,2
diabetic,1
diabetics,2
diagnose,2
diagnoses,3
diagnosing,1
diagnostic,7
diagnostics,9
diagram,2
diagramming,1
diagrams,2
dick,1
dickson,1
dictionaries,4
dictionary,2
diego,6
dietary,1
difference,22
differences,3
different,69
differential,1
differentiate,3
differentiated,2
differentiating,2
differentiator,1
differently,5
differing,1
difficult,13
dig,3
digestible,2
digging,2
digital,150
digitizes,2
diligence,1
diligently,1
dimension,2
dimensional,21
dimensionality,9
dimensions,1
diploma,1
direct,44
directed,15
directing,4
direction,31
directions,5
directive,1
directly,45
director,47
directorate,24
directors,6
directorship,1
directs,3
dirsig,1
dirty,1
disa,1
disabilities,48
disability,192
disabilityaccommodations,1
disable,1
disabled,27
disaggregate,1
disapproval,1
disaster,6
discard,2
discerning,1
discharge,2
disciplinary,21
discipline,71
disciplined,4
disciplines,19
disclaimer,5
disclose,8
disclosure,3
disclosures,1
disco,1
discontinue,1
discount,1
discounts,6
discourse,1
discover,33
discovered,1
discoveries,3
discovering,9
discovery,102
discrepancies,2
discrepancy,2
discretely,1
discretion,4
discriminate,35
discrimination,18
discuss,5
discussed,1
discusses,1
discussion,1
discussions,9
disease,24
diseases,41
dish,1
disorder,4
disorders,1
disparate,20
disparities,1
display,3
displaying,1
displays,5
disposal,1
disposition,1
disqualified,2
disqualifying,2
disrupt,3
disrupting,2
disruptive,5
disruptors,3
dissection,1
disseminate,3
dissemination,3
dissolve,2
distance,4
distill,7
distilling,3
distinct,7
distribute,7
distributed,61
distribution,16
distributions,9
district,1
dive,9
diverse,103
diversity,54
divine,3
diving,3
division,47
divisions,1
django,5
djj,6
dm,5
dmbok,1
dml,1
dmpk,3
dmv,1
dmw,1
dna,6
dns,1
doc,1
docker,23
docs,4
doctor,4
doctoral,9
doctorate,3
doctors,4
document,46
documentation,71
documented,8
documenting,12
documents,30
docusign,2
dod,21
dodge,11
doe,22
doed,1
doer,1
doers,5
does,57
doesn,9
dog,5
dogs,2
doi,1
doing,36
doj,1
dol,2
dollar,5
dollars,2
domain,45
domains,20
domestic,12
domestically,2
domo,3
don,15
donating,1
donations,3
donnas,1
donor,1
dont,1
door,3
doors,1
dosage,1
dose,4
dosing,1
dot,2
dots,2
double,3
doubled,1
doubt,4
downs,3
downstream,6
downtown,4
dozen,3
dozens,1
dph,1
dpi,1
dplyr,1
dr,2
draft,2
drafting,1
dramatically,3
draw,17
drawbacks,4
drawing,5
drawn,2
dream,10
dreamers,1
dress,9
drfirst,3
drill,4
drink,1
drinks,4
drive,194
driveline,1
driven,181
driver,4
driverless,4
drivers,9
drives,28
driving,57
drm,2
drop,2
dropout,1
drowning,1
drug,120
drugs,24
ds,10
dsa,7
dsai,1
dsars,2
dsp,1
dsurs,2
dual,2
durable,4
duration,2
duties,75
duty,10
dvt,1
dwight,2
dynamic,60
dynamics,11
dynamodb,7
dyslipidemia,1
e9,1
eab,14
eac,1
eag,6
eager,4
eagerness,2
early,13
earn,8
earned,5
earning,3
earth,5
ease,5
easier,5
easily,9
east,1
easy,14
ebay,1
ec2,17
ecg,2
echo,1
eclinicalworks,1
ecologically,1
ecom,1
ecomm,1
ecommerce,18
econometric,2
econometrics,10
economic,14
economics,50
economies,5
economists,1
economy,2
ecosystem,29
ecosystems,6
ecpm,3
ecs,2
ect,5
ed,3
edc,2
edge,95
edgewell,1
edi,3
edit,4
editing,3
edtech,1
edu,4
educate,5
educates,1
educating,5
education,136
educational,17
educators,3
ee,3
eeo,42
eeoc,3
eeopost,2
effect,6
effective,89
effectively,84
effectiveness,35
effects,11
efficacy,6
efficiencies,6
efficiency,42
efficient,33
efficiently,23
effort,9
efforts,37
effortswe,3
ego,4
ehr,5
eigenvectors,2
einstein,6
ejn,2
eking,2
elaborate,1
elastic,3
elastically,1
elasticsearch,19
elation,1
elb,1
elearning,1
election,1
electric,1
electrical,23
electronic,23
electronics,3
electrophysiology,3
elegant,6
elegantly,3
elements,10
elevate,2
elicit,1
elicitation,1
eligibility,17
eligible,15
eliminate,1
eliminating,2
elimination,1
elisa,9
elisas,2
elite,8
elk,1
elmgrove,6
elmo,2
eln,1
elt,4
ema,4
email,33
emails,4
embed,3
embedded,7
embedding,1
embeddings,3
ember,2
embodies,1
embrace,8
embraces,1
embracing,3
eme,1
emergency,3
emergent,2
emerging,28
emeryville,1
emg,2
emissions,2
emotional,2
empathetic,2
empathy,6
emphasis,15
emphasize,1
emphasizes,1
emphasizing,2
empire,3
empirical,2
empleador,2
employ,12
employed,5
employee,94
employees,172
employer,203
employers,11
employing,6
employment,242
employs,5
empower,26
empowered,17
empowering,13
empowerment,3
empowers,8
emr,16
emrs,3
emulsion,1
en,1
en2,2
enable,60
enabled,12
enablement,7
enables,20
enabling,18
encompass,1
encounters,8
encourage,23
encouraged,7
encouragement,2
encourages,8
encouraging,1
end,123
endeavor,1
ended,3
endless,2
endnote,1
endpoints,3
enduring,5
energetic,9
energizing,2
energy,54
engage,26
engaged,6
engagement,16
engagements,6
engaging,9
engine,5
engineer,127
engineering,385
engineers,147
engineerswho,1
engines,10
england,4
english,17
enhance,37
enhanced,4
enhancement,6
enhancements,13
enhances,4
enhancing,8
enjoy,43
enjoyment,4
enjoys,3
enlightenment,1
enrich,4
enriched,4
enriching,2
enrichment,1
enrolled,5
enrolling,4
enrollment,5
ensemble,14
ensure,188
ensures,10
ensuring,22
ent,1
entail,2
entails,2
entefy,4
entered,1
entering,3
enterprise,105
enterprises,3
entertaining,1
entertainment,6
enthusiasm,6
enthusiast,4
enthusiastic,7
enthusiastically,1
entire,29
entirely,5
entities,5
entitled,1
entity,12
entomology,1
entrenched,2
entrepreneurial,28
entrepreneurs,1
entrusted,1
entry,22
environment,323
environmental,34
environments,59
envision,5
envisioning,2
enzyme,5
enzymes,8
eo,1
eoe,9
epa,2
epic,4
epicenter,1
epics,1
epidemiology,6
episode,1
eq,1
eqr,2
eqrs,4
equal,235
equally,4
equip,1
equipment,31
equipped,2
equity,18
equitys,3
equivalent,76
era,2
eradicating,1
erp,5
error,8
errors,4
esb,1
escalate,5
esp,15
especially,23
espp,1
esri,19
ess,2
essential,75
essentially,1
establish,29
established,22
establishes,3
establishing,18
estate,11
este,2
estimate,8
estimates,3
estimating,3
estimation,1
estimations,1
et,2
eternal,3
ethic,11
ethical,11
ethics,7
ethnicities,1
ethnicity,17
etl,54
etls,4
eur,2
eurofins,3
eurofinsus,1
europe,2
evaluate,64
evaluated,3
evaluates,9
evaluating,28
evaluation,41
evaluations,12
evangelist,2
evangelize,6
evangelizing,1
evening,3
evenings,1
event,14
eventbrite,8
events,50
everifyposterenglish,3
everifyposterspanish,3
everyday,5
evidence,30
evidencebased,1
evinced,1
evolution,3
evolve,4
evolving,16
ex,11
exact,2
exactly,1
examination,2
examine,7
examining,1
example,10
examples,4
exceed,14
exceeded,1
exceeding,4
exceeds,1
excel,98
excella,3
excellence,28
excellent,178
exceptional,48
exceptions,4
exchange,10
exchanges,3
excipients,1
excite,6
excited,26
excitement,4
excites,2
exciting,30
exclusive,2
exclusively,2
execonline,6
execute,57
executed,1
executes,6
executing,19
execution,48
executions,1
executive,24
executives,16
exempt,6
exercise,12
exercises,4
exercising,1
exertion,1
exhaustive,1
exhibit,2
exhibiting,1
exhibits,4
exist,4
existence,1
existing,85
exists,5
exp,1
expand,19
expanded,4
expanding,16
expansion,13
expect,16
expectation,1
expectations,27
expected,35
expecting,4
expects,1
expedited,1
expenditures,1
expense,1
expenses,8
experience,1964
experienced,54
experiences,60
experiencing,1
experiential,3
experiment,11
experimental,51
experimentation,18
experimenting,3
experiments,30
expert,106
expertise,165
expertly,1
experts,53
explain,19
explainability,3
explaining,7
explains,1
explicitly,1
exploit,2
exploitation,6
exploiting,1
exploration,8
explorations,1
exploratory,18
explore,24
explorer,1
explores,3
exploring,6
exponentially,6
exporting,1
expose,1
exposed,2
exposing,1
exposure,24
express,4
expression,53
expressions,2
expressly,1
ext4,2
extenally,1
extend,14
extended,14
extending,4
extends,1
extensible,2
extensive,48
extensively,2
external,121
externally,15
exton,2
extra,2
extract,48
extracting,19
extraction,25
extracts,9
extracurricular,2
extramural,1
extraordinarily,2
extraordinary,1
extrapolate,1
extrapolation,1
extreme,1
extremely,10
extroverts,2
eye,4
eyebrow,1
eyes,2
f1,1
f2f,1
faa,1
fabric,1
face,11
facebook,3
faced,4
facile,2
facilitate,28
facilitation,5
facilities,13
facility,3
facing,20
fact,4
factor,7
factors,15
factory,4
facts,7
faculty,8
fade,1
fail,3
failing,1
failure,13
failures,3
fair,13
fairness,5
falls,1
false,4
familial,1
familiar,33
familiarity,84
families,9
family,46
fanaticism,1
fancy,1
fans,1
fantastic,4
fantasy,1
far,1
fareportal,5
farm,1
fascinates,1
fashion,5
fast,108
fastai,1
faster,12
fastest,15
fault,4
favor,1
favorably,1
favorite,3
fax,1
fb,1
fbrm,1
fda,16
fe,3
feac,1
fearless,1
fearlessness,1
feasibility,3
feasible,2
feats,1
feature,29
featured,4
features,45
featuring,2
feb,2
february,1
federal,65
federally,2
federation,1
fedex,1
fee,3
feed,1
feedback,28
feeds,4
feel,11
feels,6
fees,14
feet,7
fellow,6
fellowship,1
female,13
females,9
festivals,1
fesu,1
fetch,1
fewer,2
ffrdc,1
fhnr,3
fi,4
field,235
fields,38
fiercely,1
fifa,1
figure,13
figures,1
figuring,2
file,16
filed,5
files,17
filing,2
filings,5
filled,2
filling,3
filter,3
filtering,4
filters,1
fin,6
final,7
finally,3
finance,44
financial,140
financially,1
financials,3
financiers,1
financing,2
finding,12
findings,71
fine,6
finger,1
fingerprinting,1
fingers,2
finish,12
fintech,5
firefighters,1
firewalls,2
firm,24
firms,18
firmware,1
fiscal,3
fit,33
fitness,22
fits,5
fix,3
fixed,1
fixes,3
fixing,2
fixtures,1
fl,4
flashiest,1
flashx,2
flask,5
flat,8
flavor,3
fledgling,1
flesh,2
flex,3
flexibility,22
flexible,46
flexibly,1
flight,18
flink,7
flip,2
floating,3
floor,4
flop,2
floral,2
florida,9
florists,1
flow,22
flowing,1
flows,10
flu,4
fluency,16
fluent,1
fluid,1
flws,1
fly,2
fmri,2
focus,120
focused,65
focuses,1
focusing,7
focussed,2
folders,1
folks,2
follow,31
followers,1
following,91
follows,4
fond,2
food,14
foosball,2
foot,7
footprint,6
footprints,2
footwear,2
fora,1
forbes,2
force,4
forced,1
forces,7
fore,1
forecast,9
forecasting,33
forecasts,6
forefront,13
foreign,24
foremost,1
forensic,2
forensics,6
foreseeable,1
forest,11
forestry,4
forests,10
forethought,1
form,16
formal,8
formalize,2
format,19
formation,6
formats,13
formatted,2
formed,3
forming,4
forms,6
formula,1
formulas,7
formulate,17
formulating,8
formulation,11
formulations,4
fort,2
forth,3
fortune,32
fortune100,1
forums,7
forward,32
foryou,1
foster,23
fostering,9
fosters,2
foundation,18
foundational,5
foundations,2
founded,19
founder,1
founding,3
foundry,1
fourth,1
fp,15
fpi,2
fpps,1
fracas,2
fractions,2
frame,7
frames,2
framework,36
frameworks,68
francisco,25
fraud,5
frb,1
free,38
freedom,13
freely,2
freight,2
french,1
frenetic,1
frequency,2
frequent,6
frequentist,2
frequently,13
fresh,4
friday,7
friday8,1
fridays,1
fridge,2
friend,1
friendly,20
friends,3
fringe,1
frontend,1
frontier,2
frontiers,2
fruit,1
fruition,1
fruits,2
fsa,2
ft,1
fte,1
ftir,2
ftp,1
ftr,1
ftse,2
fuel,3
fueled,1
fuels,3
fulfill,2
fulfilled,2
fulfilling,1
fulfillment,2
fulfills,5
fullest,1
fully,17
fumes,1
fun,40
function,37
functional,129
functionality,11
functionally,17
functioned,1
functions,65
functionsall,1
fund,5
fundamental,16
fundamentally,3
fundamentals,16
funded,11
funding,13
funds,7
funeral,2
fung,1
funk,1
funnel,4
funnels,1
furthermore,4
furthers,3
fuse,4
fusion,1
future,111
futures,2
futureto,1
fuze,1
fxlearns,1
gain,24
gained,6
gains,1
gaithersburg,1
gal,1
galaxy,2
gallup,10
game,22
gameplay,1
games,13
gaming,13
gap,4
gaps,11
gartner,1
gas,9
gather,23
gathered,1
gathering,25
gatherings,1
gathers,4
gaussian,3
gbm,3
gc,3
gcdmp,1
gcp,16
gd,1
gde,1
gdit,5
gditpriority,2
gdp,2
gdpr,2
ge,1
geared,2
ged,1
gender,192
genders,1
gene,16
genentech,15
general,33
generalizable,2
generalized,7
generalizing,2
generally,9
generate,48
generated,2
generates,5
generating,19
generation,61
generative,1
generators,3
generous,39
genesis,2
genetic,52
genetics,18
genius,2
genome,2
genomic,4
genomically,2
genomicists,1
genomics,8
gensco,1
genuine,2
genuinely,3
geo,2
geographic,7
geographical,1
geography,4
geoint,2
geology,1
geopolitical,2
geoprocessing,4
george,1
geoscience,2
geospatial,16
german,2
germany,1
getelementsbytagname,1
gets,2
gettime,1
getting,6
ggplot,1
ggplot2,2
gi,6
giant,7
giants,2
gift,4
gifting,1
gifts,3
gig,4
gigabytes,1
gigantic,2
gis,18
git,31
github,21
gitlab,1
given,20
gives,9
giving,6
gl,1
glance,3
glass,2
glassdoor,3
glba,2
gleaming,3
glm,6
global,125
globally,20
globe,8
glp,1
glue,3
gmp,4
gns,5
gnss,1
gny,1
goal,27
goals,62
goes,3
going,9
golang,3
gold,4
golf,1
gone,4
good,46
goods,3
google,42
gospel,3
got,5
gotrg,6
gov,29
govcon,1
governance,45
governed,1
governing,6
government,83
governmental,3
governments,9
gpa,6
gpd,1
gpu,9
gpus,1
grace,2
grade,10
grades,1
gradient,10
gradle,2
graduate,12
graduates,1
graduation,1
grafana,1
grainger,1
grand,1
grant,5
granted,2
granting,2
grants,8
granular,1
graph,16
graphical,3
graphics,2
graphs,8
grasp,4
grasping,1
grass,1
great,79
greater,12
greatest,8
greatly,1
gredgl1,1
green,8
greenfield,1
greetings,2
grew,3
greylock,2
grid,1
grind,1
grooming,6
groovy,2
grossing,1
ground,18
groundbreakers,1
groundbreaking,2
group,155
groupers,1
groups,31
grove,1
grow,57
growing,124
grown,5
growth,130
grp,1
grpeople1,1
grumman,12
gs,2
gsec,1
gtts,1
guarantee,1
guard,1
guest,1
gui,2
guidance,37
guide,29
guided,1
guidelines,25
guides,8
guiding,9
gum,1
gun,1
gurobi,2
gurus,1
guy,1
gv,1
gym,13
gyroscope,2
h1,1
h2o,48
ha,1
haas,1
habits,3
hacker,1
hadoop,94
half,5
halo,1
hamilton,1
hana,1
hand,16
handle,20
handled,1
handling,29
hands,81
handshake,2
hang,1
hanging,1
hanley,2
hanover,13
happen,6
happiness,2
happy,6
harassment,10
hard,28
hardcopy,1
harden,2
hardship,3
hardware,5
harm,1
harming,1
harmonious,2
harmonization,1
harmony,2
harness,4
harnesses,2
harnessing,1
harnham,1
harry,1
hartford,3
hash,1
hats,3
haves,7
having,22
hazardous,1
hazards,3
hb2,2
hbase,13
hbss,1
hc,1
hcdagile,2
hdfs,4
hdinsight,2
head,8
headhunter,1
headhunters,1
headquartered,26
headquarters,23
health,270
healthcare,116
healthier,6
healthiest,1
healthiq,2
healthy,21
hear,6
heard,8
hearing,1
hearst,2
heart,22
hearts,1
heat,1
heavily,5
heavy,6
hedge,2
hedging,2
height,2
heights,2
held,7
hello,1
help,261
helped,1
helpful,7
helping,51
helps,24
hematology,6
hematopoietic,1
heritage,1
herndon,2
heroes,1
heroics,2
herring,1
hesitate,3
hesitation,1
heterogeneous,3
heuristic,1
heuristics,2
hfss,2
hg,5
hgst,2
hi,3
hibernate,1
hidden,9
hierarchical,3
high,242
highcharts,1
higher,31
higherin,1
highest,17
highlight,3
highlighting,1
highlights,1
highly,156
hiking,1
hill,5
hillsboro,2
hipaa,6
hire,27
hired,2
hires,4
hiring,39
historians,3
historical,6
histories,5
history,34
hit,4
hits,1
hitting,1
hiv,2
hive,45
hl,1
hl7,2
hlsc,1
hobbit,2
hoc,35
hodgepodge,1
hold,12
holder,2
holders,2
holding,3
holdings,2
holds,3
holiday,4
holidays,26
holistic,3
holistically,3
home,22
homegrown,1
homeland,5
homeowner,2
homeowners,4
homes,5
homogeneous,1
homogenizers,1
hone,2
honed,3
honest,2
honestly,1
honesty,5
honors,1
hootsuite,2
hoovers,1
hope,5
hopes,1
hopkins,2
horizon,1
horizons,1
horizontal,2
horizontally,2
horticulture,3
hortonworks,2
hospital,26
hospitality,2
hospitalization,1
hospitals,5
host,5
hosted,7
hosting,3
hosts,1
hot,5
hotel,1
hour,1
hourly,2
hours,39
house,11
household,1
houses,1
housing,2
houston,4
hp,1
hplc,3
hpv,4
hq,1
hql,2
hr,8
hsa,1
hta,2
html,12
html5,6
http,12
https,35
hub,5
hubs,2
hudl,2
hue,1
hug,1
huge,16
human,69
humana,2
humanitarian,1
humanity,4
humanresources,4
humans,3
humble,10
humint,1
humor,1
hundreds,16
hunger,2
hungry,3
hunting,1
huntsville,4
hybrid,2
hydrologist,1
hygiene,3
hyper,10
hyperspectral,1
hypotheses,29
hypothesis,8
hypothesize,1
ia,2
iat,1
ibm,6
ibt,1
ic,3
icd,1
ich,7
iconic,3
iconiq,2
id,29
idc,1
idea,7
ideal,74
ideally,16
ideas,97
ideate,4
ideation,4
identification,28
identifications,2
identified,5
identifies,12
identify,193
identifying,41
identity,126
ids,1
ignite,4
igniting,2
igos,1
ihc,2
ihs,7
ii,9
iii,2
iis,2
ikea,1
il4,1
il5,1
ilandman,4
illegal,11
illinois,2
illness,2
illnesses,3
illustrate,4
ilog,2
im,1
image,30
imagery,5
images,4
imagine,1
imagined,1
imaging,27
imaris,2
imbalance,3
imd,1
immediate,16
immediately,4
immensely,1
immerse,1
immersive,1
immigrant,1
immigrants,1
immigration,6
immune,29
immunity,1
immunizations,1
immunoassays,2
immunological,1
immunology,20
immunophenotyping,1
immunotherapies,1
immunotherapy,1
immunotoxicity,1
impact,156
impactful,15
impacting,14
impacts,5
impairment,1
impala,4
imperative,1
imperatives,2
impetususa,1
implement,128
implementation,110
implementations,10
implemented,10
implementexperiments,1
implementing,78
implements,11
implications,7
importance,3
important,49
importantly,7
imported,1
importing,3
impose,1
impressive,1
impromptu,1
improper,1
improve,120
improved,16
improveexisting,1
improvement,53
improvements,38
improving,41
impurities,2
imputation,1
inaccurate,1
inappropriate,1
inbound,3
incentive,6
incentives,7
inception,2
incessantly,1
incident,6
incidents,1
include,162
included,7
includes,49
including,441
includjing,1
inclusion,10
inclusive,30
inclusivity,1
income,6
incoming,1
incomplete,3
inconsistencies,2
incorporate,8
incorporated,4
incorporates,1
incorporating,5
incorrect,1
increase,29
increased,3
increases,3
increasing,4
increasingly,5
incredible,4
incremental,3
incrementally,2
incubating,2
incumbent,15
incumbents,2
incurs,3
ind,8
indcamp2,1
independence,5
independent,24
independently,77
indepth,2
index,5
indexes,1
indexing,1
indianapolis,3
indians,2
indicate,3
indicated,3
indicates,1
indications,3
indicator,1
indicators,8
indify,1
indirect,4
indirectly,1
indispensable,2
individual,78
individuality,4
individualized,2
individually,5
individuals,87
indoor,1
indoors,1
inds,2
induced,1
industrial,12
industries,28
industry,256
ineligible,4
infancy,1
infectious,1
inference,9
inferences,3
inferential,2
inferred,2
infers,1
infertility,3
inflammatory,6
inflows,2
influence,35
influencer,2
influences,4
influencing,7
influential,2
info,5
infographics,3
inform,31
informal,4
informally,1
informatica,5
informatics,16
information,405
informative,3
informed,9
informs,2
infosec,1
infosys,5
infrastructure,68
infrastructures,1
infuse,2
infused,1
infusing,1
ingenuity,9
ingest,8
ingesting,2
ingestion,19
ingests,2
ingredient,1
ingredients,3
inherent,2
inherently,2
inherited,5
inhibition,2
inhibitors,1
initial,7
initially,1
initiate,10
initiated,1
initiating,3
initiative,22
initiatives,76
initio,2
injury,1
inland,2
inline,2
innate,1
inner,1
innovate,19
innovating,3
innovation,107
innovations,10
innovative,132
innovators,9
inperson,1
input,22
inputs,4
inputting,1
inquires,1
inquiries,12
inquisitiveness,1
ins,1
insanely,2
insatiable,2
insatiably,1
insertbefore,1
inserting,2
inside,6
insider,2
insight,37
insightful,7
insights,266
insist,2
inspection,3
inspections,2
inspects,1
inspiration,1
inspire,9
inspired,7
inspires,6
inspiring,15
instagram,5
install,3
installation,1
installations,1
installed,1
installing,1
instance,2
instant,1
instead,6
instinctively,1
instincts,1
institute,15
institutes,2
institution,6
institutional,2
institutionalize,1
institutions,22
instruction,2
instructions,5
instructor,2
instructors,3
instrument,9
instrumental,2
instrumentation,21
instrumenting,1
instruments,2
insurance,126
insure,1
insured,1
insurers,2
int,5
intacct,2
intake,7
intakes,1
intangible,1
integer,7
integral,6
integrate,46
integrated,25
integrates,3
integrating,20
integration,71
integrations,8
integrationshape,1
integrative,6
integrators,1
integrity,77
intel,4
intellectual,12
intellectually,8
intellegence,1
intelligence,160
intelligent,14
intellij,1
intended,3
intends,3
intensely,3
intensity,1
intensive,3
intent,7
intention,1
inter,10
interact,28
interacting,5
interaction,8
interactions,7
interactive,28
interacts,3
interconnected,1
interconnections,1
interconnectivity,1
interdependent,1
interdisciplinary,16
interested,27
interesting,14
interests,4
interface,21
interfaces,9
interfacing,5
interference,1
interior,1
intermediate,11
intermittent,1
intern,1
internal,156
internally,17
international,19
internationalized,1
internationally,6
internet,15
internship,2
internships,1
interoperability,4
interpersonal,45
interpret,50
interpretability,6
interpretable,2
interpretation,25
interpretations,2
interpretative,2
interpreted,3
interpreter,2
interpreting,10
interprets,7
interrelationship,2
interrogate,4
interrogation,3
interruptions,1
intersect,1
intersection,3
intervene,1
intervention,1
interventional,2
interventions,1
interview,9
interviewing,4
interviews,2
intimate,2
intimately,1
intimidation,1
intrado,5
intranasal,1
intricacies,2
intricate,2
intricately,3
intrigued,1
intrinsic,1
intro,1
introduce,3
introduced,6
introverts,2
intruder,1
intrusions,1
intuitions,1
intuitive,9
invent,1
invented,1
inventing,1
invention,2
inventive,4
inventories,2
inventory,12
invest,20
invested,4
investigate,7
investigating,2
investigation,16
investigational,4
investigations,12
investigative,6
investigator,4
investigators,2
investing,3
investment,26
investments,6
investor,2
investors,6
invests,2
invitation,2
invite,5
invites,1
invoice,1
invoicing,2
invoked,1
involve,9
involved,21
involvement,4
involves,9
involving,11
io,1
iom,1
ios,1
iot,11
ipo,1
ips,1
ipsc,3
ipts,1
iq,20
ir,2
ira,1
irca,3
irrelevant,2
irvine,3
iseatz,4
ish,2
isn,7
iso,4
isolation,4
isr,1
issuance,1
issue,8
issues,110
itar,6
items,3
iterate,5
iterating,5
iteration,2
iterations,6
iterative,6
itl,1
itops,2
itts,1
iv,2
izea,17
izeax,1
j2ee,1
jaguar,1
jan,1
january,3
janusgraph,2
japan,1
japantown,1
jargon,1
java,90
javascript,26
javscript,2
jazzhr,14
jd,2
jdbc,1
jecsi,1
jee,1
jema,2
jenkins,2
jennersville,1
jeopardy,2
jerks,1
jersey,4
jesus,3
jg1,1
jhu,2
jhuapl,1
jigsaw,2
jira,11
jmp,1
jo1,2
job,259
jobs,25
joe,1
jogger,1
johns,2
join,169
joining,16
joins,3
joint,5
joinus,1
jose,6
joseph,6
journal,3
journalism,1
journals,7
journey,9
journeys,1
joy,1
jquery,5
jr,3
jreview,1
js,19
js1,3
jsmith,1
json,4
judgement,3
judgment,16
judiciously,1
juggle,2
juice,1
juices,1
jujitsu,1
julia,1
july,4
jump,2
junior,41
juniper,12
junkies,1
jupyter,18
jurisdiction,1
jurisdictions,1
jury,3
just,52
justice,3
justify,1
jv1,3
jvm,1
jz1,1
kabul,2
kafka,35
kaggle,5
kanban,2
kart,1
karyopharm,10
katz,1
kc,2
keen,5
keenly,1
keeping,17
kenwood,1
keras,25
kernel,2
kernels,2
key,154
keyboard,1
keyhole,1
keynote,1
keys,6
keyvalues,1
keyword,2
keywords,2
khosla,1
kibana,1
kick,4
kidney,1
kill,4
kinase,1
kinases,1
kind,3
kindergarten,2
kindly,1
kinds,3
kinesis,4
kitchen,3
kitchens,1
kl1,1
klearn,1
klipfolio,1
kmeans,1
kml,1
kn,1
knack,4
knight,2
knit,4
knock,2
know,60
knowbe4,12
knowing,3
knowledge,442
knowledgeable,10
knowlege,1
known,16
knows,5
kotlin,1
kpi,7
kpis,8
ks,1
ksm,2
ksmc,2
ksql,1
kuala,2
kubeflow,1
kubernetes,13
kudos,1
kwajalein,2
kxen,1
l2,1
la,4
lab,29
label,1
labeling,6
laboratorian,3
laboratories,21
laboratory,151
laboratorys,1
labs,14
lack,1
lactation,1
lake,13
lakes,3
lambda,6
lamp,1
lancaster,2
lancer,1
land,10
landing,2
landscape,11
language,108
languages,124
lapack,2
lapse,4
laptop,1
large,255
largely,1
larger,7
largest,49
laser,1
lasting,10
lasts,2
latency,5
latest,33
lauderdale,1
launch,7
launched,3
launches,2
launching,4
law,85
laws,35
lay,1
layers,1
laying,1
laymans,2
layoff,1
layouts,2
lc,3
lead,144
leader,64
leaders,56
leadership,113
leading,118
leads,18
leaflet,4
league,3
leakage,1
lean,3
leaning,3
leaps,1
learn,190
learned,1
learner,10
learners,4
learning,837
learnings,7
learns,1
lease,2
leave,43
leaves,1
lectures,2
led,7
legacy,9
legal,35
legally,16
legislation,4
leidos,12
lend,1
lenders,3
lending,6
lenexa,1
length,3
lessee,2
lesson,3
let,21
letter,9
level,186
leveling,1
levels,49
leverage,50
leveraged,4
leverages,6
leveraging,63
levers,1
lexington,1
lgbt,1
lgbtq,1
lh1,2
li,33
liaise,9
liaison,4
liaisons,1
liberate,1
liberty,14
libraries,31
library,10
license,5
licensed,6
licenses,8
licensing,3
licensure,2
lies,2
lieu,6
life,140
lifecycle,25
lifecycles,1
lifeline,1
lifelong,2
lifes,1
lifestyle,4
lifetime,8
lift,7
lifting,1
lifts,1
ligand,6
light,6
lightgbm,4
lightly,1
lights,1
like,156
likelihood,1
likely,8
likes,2
likewise,1
lime,1
limitations,7
limited,50
limiting,2
limitless,3
limits,1
lims,3
lincoln,1
line,38
lineage,4
linear,31
linearity,1
lines,14
lingual,2
linguistic,2
linguistics,3
link,3
linkage,1
linkedin,8
linking,2
links,5
linux,34
lip,2
lipid,1
lis,1
list,22
listed,7
listen,6
listener,4
listening,7
listenloop,1
listens,1
listing,3
listings,1
lists,1
lite,1
literacy,5
literally,1
literary,1
literate,2
literature,20
litigation,1
little,8
live,32
lived,2
livelihood,2
liver,9
lives,41
living,14
ll,132
llc,12
lmi,2
lms,1
load,11
loaded,3
loading,14
loan,4
local,47
localization,1
locally,2
locate,2
located,24
locating,1
location,89
locations,31
lockers,3
loft,2
log,5
logging,1
logic,18
logic20,6
logical,12
logistic,16
logistical,1
logistics,6
logit,2
logs,2
london,8
lone,1
long,28
longer,12
longitudinal,8
longmont,1
longtime,1
look,36
looker,10
looking,192
looks,6
lookup,1
lookups,2
loop,8
lorelei,1
lorillard,2
los,8
loss,4
losses,1
lot,9
lotions,1
lots,9
lottery,1
louis,9
louisiana,1
louisville,1
lounge,2
love,43
loves,4
loving,1
low,12
lower,7
loyal,1
loyalty,13
lozenges,1
lstm,1
ltl,1
lucid,1
luigi,1
luis,1
lumpur,2
lunch,5
luncheons,1
lunches,8
lung,2
luxury,3
lvm,2
lxc,2
ly,2
lyft,1
m2,1
ma,34
mac,5
macbook,1
macchiato,1
machine,675
machines,5
macro,2
macroeconomic,2
macros,5
madhavi,1
madison,1
madonna,2
magazine,9
magento,2
magic,3
magnify,1
magpix,3
mahout,3
mail,8
main,6
mainstream,1
maintain,132
maintainability,2
maintainable,4
maintained,2
maintaining,45
maintains,22
maintenance,36
major,32
majority,1
majors,3
make,191
maker,2
makers,16
makes,29
making,105
malfunction,1
mali,2
malicious,2
malware,9
mammalian,1
man,1
manage,117
manageable,2
managed,12
management,390
manager,45
managerial,2
managers,44
manages,21
managing,46
mandatory,2
manhattan,1
manicures,2
manifest,2
manifesto,1
manipulate,25
manipulating,22
manipulation,25
manipulations,1
manner,47
mantech,32
manual,11
manually,2
manuel,8
manufacture,2
manufacturers,3
manufacturing,24
manuscripts,3
map,15
mapping,8
mapr,3
mapreduce,9
maps,2
mar,1
marathoners,2
march,1
margin,1
margins,3
marijuana,9
marin,1
mario,1
marital,73
maritime,5
mark,3
markdown,2
marker,2
markers,1
market,84
marketability,1
marketable,1
marketaxes,2
marketaxess,2
marketer,1
marketers,6
marketing,199
marketings,1
marketplace,14
marketplaces,2
markets,22
marketscape,1
markit,7
markov,1
markup,1
marlborough,3
marriott,2
marrow,1
marry,1
mars,2
mart,2
martech,2
marts,4
maryland,3
masint,1
mass,7
massachusetts,4
massages,2
massive,21
massively,3
massmutual,17
massmutuals,9
master,125
masters,36
mastery,16
match,33
matched,5
matches,6
matching,24
mateo,2
material,8
materials,18
maternity,6
mates,3
math,52
mathematical,41
mathematics,138
matlab,41
matplotlib,12
matrices,3
matrix,5
matrixed,7
matter,49
mattered,1
matters,6
mature,2
maturity,2
maven,7
mavens,1
max,1
maximize,14
maximizing,2
maximum,5
maximus,2
maybe,2
maze,2
mba,3
mcgraw,2
mchd,1
mckesson,2
mclagan,1
mcsd,1
mcse,1
md,15
mda,3
mdm,2
mdr,1
mean,12
meaning,7
meaningful,46
meaningfully,1
means,43
measurable,2
measure,22
measured,2
measurement,25
measurements,2
measures,17
measuring,8
mechanical,8
mechanism,12
mechanisms,10
mechanistic,7
medal,4
meddra,3
media,60
mediated,2
medicaid,2
medical,129
medicare,2
medication,2
medicinal,11
medicine,28
medicines,41
medidata,15
meditation,2
meditech,3
medium,4
medtech,1
meet,93
meeting,19
meetings,32
meets,9
megan,1
melbourne,2
mellon,6
member,73
members,113
membership,12
memberships,1
membrane,1
memorable,1
memorial,8
memory,1
men,3
mental,46
mentality,6
mentally,1
mentioned,2
mentor,31
mentored,2
mentoring,19
mentorship,15
menu,6
merchant,4
mercury,1
merge,1
mergers,1
merging,4
merit,11
meritocracy,2
meritocratic,1
message,6
messages,5
messaging,13
messy,3
met,15
meta,1
metabarcoding,2
metabolic,5
metabolism,6
metabolomic,1
metabolomics,11
metadata,6
metal,2
meters,1
method,43
methodical,6
methodological,1
methodologies,74
methodology,28
methods,180
meticulous,1
metric,8
metrics,54
metro,5
metropolitan,1
mexico,3
mft,1
mhs,2
miami,7
michelin,1
micro,4
microbiological,2
microbiologist,2
microbiology,2
microdialysis,2
microscopy,5
microservice,2
microservices,8
microsoft,80
microstation,1
microstrategy,4
microtargeted,1
mid,13
middle,2
midsize,2
midwives,1
migrate,3
migrating,2
migration,3
mileage,1
milestone,1
milestones,4
military,28
militaryhealth,1
millennials,1
millennium,1
miller,1
million,19
millions,27
min,4
mind,13
minded,15
mindedness,1
minds,3
mindset,20
miner,1
miners,1
minimal,25
minimally,1
minimize,1
minimum,121
minimun,1
mining,111
minion,3
minitab,2
minorities,10
minority,15
minute,1
minutes,2
mired,1
mis,3
misinformed,1
miss,1
missile,15
missing,6
mission,152
missions,12
missouri,1
mist,9
mistakes,1
mit,6
mitigate,5
mitigation,4
mitre,12
mix,10
mixed,4
mixers,1
mixpanel,1
mixture,2
ml,109
ml3,1
mllib,3
mls,2
mlt,1
mmis,1
mmpc,3
mo,5
moa,1
mobile,22
mobility,3
mobilize,4
mobilizing,2
mocking,2
modal,2
modalities,2
modde,3
mode,3
model,125
modeled,1
modeler,8
modelers,3
modelin,1
modeling,296
modeling_,1
modelling,13
models,432
moderate,3
moderately,1
modern,54
modernization,2
modernize,1
modernizing,1
modest,3
modifications,3
modified,2
modify,5
modifying,1
modular,3
modulation,1
modules,2
molding,1
molecular,40
molecule,21
molecules,12
mom,2
moments,6
momentum,3
mon,1
monday,7
monetization,2
monetize,1
monetizing,1
money,7
mongo,3
mongodb,22
monica,1
monitor,37
monitored,3
monitoring,34
monitors,8
monolithic,2
montgomery,3
month,8
monthly,15
months,12
moon,2
moose,1
moral,3
mornings,1
morphological,1
mortality,5
mortgage,5
motion,2
motivate,5
motivated,73
motivates,1
motivation,4
motivational,1
motor,1
motorola,4
motto,3
mountain,8
mouse,2
movement,6
movements,3
mover,1
moves,4
moving,8
mpc,3
mph,2
mpi,1
mq,2
mrm,1
ms,76
ms1,2
msag,1
msc,4
msi,4
msja,1
msoffice,1
mspc,3
msst,1
mt,1
mtf,1
mtfs,1
multi,57
multicultural,1
multidisciplinary,14
multifaceted,2
multilayer,1
multinational,1
multiphase,1
multiplatform,1
multiplayer,1
multiple,193
multiplex,4
multiplexing,1
multiscreen,2
multispectral,1
multitask,5
multitasking,4
multitude,2
multivariable,1
multivariate,9
multnomah,1
munch,1
munging,2
muse,1
music,1
muso,8
musohealth,1
musts,1
mutual,15
mutually,1
mvda,3
mx,2
mxnet,3
myriad,5
mysql,28
myworkdayjobs,2
mz,3
naacls,1
nabr,1
naci,2
nageeshâgâ,1
nagios,1
naive,2
naloxone,1
named,13
names,1
nancy,1
nano,1
napco,1
narratives,3
nasdaq,8
nash,3
nasic,2
nation,29
national,234
nationality,3
nationally,3
nationals,1
nations,5
nationwide,7
native,10
natural,51
naturally,3
nature,14
nautical,1
naval,2
navigate,5
navigating,4
navigation,1
navmedeast,4
navy,1
naïve,8
nc,3
nc1,1
ncasi,1
nce,1
ncluster,1
ncsoft,6
ndarian,1
ndas,4
ndc,1
ndings,1
near,5
nearest,10
nearly,6
neb,6
nebraska,5
necessarily,2
necessary,61
necropsy,1
need,104
needed,87
needing,1
needle,1
needs,186
negative,4
negotiate,1
negotiation,1
neighbor,4
nektar,2
neo4j,6
nerds,1
nerf,1
nessus,1
nested,1
nestlé,1
net,16
netexcellent,1
netflow,2
nets,4
netskope,18
netsuite,2
network,58
networked,1
networking,3
networks,65
neural,48
neurobehavioral,1
neurocircuit,5
neurocircuits,6
neurodiversity,2
neuroimaging,3
neurologic,1
neurological,6
neurology,1
neurolucida,2
neuronal,1
neuropsychiatric,3
neuroscience,11
new,532
newer,1
newest,4
newly,4
news,10
newsroom,1
newsy,1
newton,1
nextflow,2
nextgen,1
nga,2
ngo,2
ngos,1
ngs,2
ni,2
nibr,4
nibri,2
nice,18
niconovum,4
nicotine,5
nifi,2
night,1
nightly,1
nimble,3
nintendo,1
nir,1
nj,2
nlp,47
nltk,1
nlu,2
nm,1
nmda,2
nmf,1
nmr,1
nn,4
noble,1
noc,1
node,4
noesis,1
noise,4
noises,1
noisy,5
nominee,1
non,109
nonconformity,3
nondiscrimination,5
nonlinear,1
nonmem,2
nonmilitary,1
nonparametric,1
nonprofits,1
norm,2
normal,2
normalization,1
normalize,5
normalizing,1
normally,2
north,12
northeast,2
northern,1
northrop,12
northropgrumman,4
northwest,17
nosql,47
notch,2
note,25
notebook,7
notebooks,14
noted,2
notes,2
notice,16
noticed,2
notices,2
notification,1
notify,1
novartis,16
novel,46
novetta,15
nps,1
npv,1
nrcc,6
nrf,1
nsc,2
nsd,1
nsf,1
ntp,1
nuances,1
nuclear,4
nucleic,1
nucor,1
nue,1
number,20
numbers,7
numerical,2
numerous,1
numpy,25
nuna,19
nurses,1
nurtures,1
nurx,6
nutonomy,1
nutrition,1
nutritional,2
nutritionally,2
nuts,2
nutshell,1
nvidia,4
nw1,2
nwchem,2
ny,12
nyc,7
oak,1
obesity,3
obi,2
obiee,2
obispo,1
object,16
objective,17
objectives,60
objects,8
obligation,1
obligations,2
observability,1
observable,1
observation,1
observational,1
observations,6
observe,2
observed,3
obsessed,1
obstacles,4
obtain,30
obtained,10
obtaining,3
obvious,1
occasion,2
occasional,5
occasionally,5
occasions,1
occupational,1
occupies,1
ocean,2
oceanfirst,4
octave,1
october,2
odbc,1
ods,8
oem,1
ofccp,5
offer,80
offered,11
offering,12
offerings,6
offers,44
office,116
officer,6
officers,1
offices,34
officially,1
officials,2
offline,5
offs,3
offshore,1
offsite,1
oh,2
ohio,3
oil,6
ok,3
old,5
oligonucleotide,1
oligonucleotides,3
omaha,3
omics,10
omni,1
omnichannel,2
omnicom,3
omnigraffle,1
omniture,1
onboard,1
onboarding,5
oncology,8
onemagnify,1
ones,13
oneself,1
onetravel,1
oneview,1
ongoing,33
online,42
onsite,5
ooe,1
oop,1
oos,1
oot,1
oozie,2
op,1
open,90
openai,1
opened,6
opening,8
openings,6
openness,9
openstack,1
operate,22
operated,3
operates,15
operating,39
operation,14
operational,62
operationalization,2
operationalize,3
operationalized,1
operationalizing,1
operations,128
operator,1
opi,1
opinion,11
opiniondynamics,2
opinions,1
opmg,1
opportunities,176
opportunity,360
ops,3
opt,2
optical,2
optics,4
optimal,20
optimally,2
optimism,1
optimization,101
optimizations,3
optimize,53
optimized,3
optimizes,5
optimizing,7
optimum,1
option,9
optional,5
options,25
optogenetics,2
oracle,28
oracledb,1
oral,56
orally,3
orange,1
orc,1
orchestrate,1
orchestration,4
order,48
ordering,1
ordinance,2
ordinances,4
ordinary,1
oregon,3
org,9
organ,8
organic,7
organically,2
organisation,3
organised,2
organism,1
organisms,1
organization,197
organizational,43
organizations,61
organize,14
organized,13
organizes,1
organizing,7
orientated,1
orientation,139
orientations,1
oriented,85
origin,139
original,3
originate,2
origins,2
orleans,3
ornon,2
os,3
osint,3
ot,1
otc,3
ourcareers,2
oure,1
outages,2
outbound,3
outcome,3
outcomes,73
outdoor,1
outflows,2
outings,8
outliers,1
outline,4
outlined,7
outlook,6
outperformed,1
output,7
outputs,12
outreach,7
outs,1
outside,24
outsized,3
outsourced,2
outstanding,36
overall,48
overarching,2
overcome,5
overdose,1
overfitting,2
overflowing,1
overhead,1
overlap,1
overload,3
overnight,4
overseas,2
oversee,29
overseeing,6
oversees,3
oversight,24
oversightsystems,1
overtime,1
overview,29
owned,10
owner,4
owners,11
ownership,18
owning,2
owns,3
oxygen,4
oz,2
p2,12
p450,2
pa,9
paas,1
pace,14
paced,58
pacific,17
package,45
packages,32
packaging,1
packet,1
page,15
pagediversity,1
pages,7
pai,2
paid,101
pain,2
paint,2
painting,1
paired,2
pairing,2
pairs,3
palo,3
pandas,31
pandemic,1
pane,2
panel,1
paper,2
papers,4
paperwork,1
paradigms,2
parallel,6
parallelization,5
parameter,4
parameters,5
parametric,1
paramount,1
parasitology,1
pardon,1
parent,4
parental,16
parenting,1
parentnode,1
parents,3
park,8
parking,8
parquet,1
parse,2
participa,2
participant,11
participants,3
participate,76
participates,15
participating,15
participation,30
particle,2
particular,16
particularly,12
parties,10
partitioning,3
partly,2
partner,81
partnered,1
partnering,10
partners,135
partnership,11
partnerships,9
parts,8
party,13
pass,3
passing,2
passion,76
passionate,92
passionately,1
passions,2
passport,1
password,2
passwords,1
past,16
pat,3
patch,1
patented,3
patents,1
paternity,6
path,12
pathing,1
pathogen,2
pathogens,2
pathologists,1
pathology,7
paths,6
pathview,1
pathway,9
pathways,5
patient,68
patientpoint,4
patients,65
patrol,2
pattern,10
patterns,80
patterson,1
patuxent,1
paulo,3
paving,1
pawternity,1
pay,32
payable,4
paycheck,2
payer,2
payers,8
paying,2
payment,21
payments,18
payroll,1
pays,3
pb,1
pbpk,2
pbs,1
pc,1
pca,5
pcp,2
pcr,5
pd,2
pdes,1
pdf,16
pdi,3
pdp,2
pe,2
peace,2
peak,2
pearl,1
ped,1
pedagogies,1
pediatric,1
pedicures,2
pedigree,1
peer,20
peers,35
pegylated,1
penalized,2
pennsylvania,7
pension,3
pentaho,3
people,214
peoplesbank,1
peoplesoft,1
peoria,1
pepsico,1
peptides,1
peraton,3
percent,11
percentage,4
percentages,2
perception,1
perceptive,1
perfect,4
perfectionists,1
perfectly,1
perform,155
performance,186
performant,6
performed,15
performers,5
performing,58
performs,19
perimeter,4
period,2
periodic,8
periodically,7
periodicals,2
periods,14
periscope,5
perks,24
perl,6
permanent,6
permissible,2
permit,2
permits,1
permitted,1
perseverance,1
persistence,2
persivia,1
person,43
personal,62
personalities,1
personality,5
personalization,4
personalized,18
personally,1
personnel,15
persons,4
perspective,18
perspectives,16
persuasion,1
persuasive,3
pertaining,1
pertains,2
pertinent,3
pet,6
petabytes,8
pfe,1
pfizer,23
pgx,1
ph,22
pharma,10
pharmaceutical,27
pharmaceuticals,10
pharmaceutics,2
pharmacies,1
pharmacokinetic,1
pharmacokinetics,1
pharmacologists,3
pharmacology,25
pharmacophore,3
pharmacovigilance,11
pharmacy,4
pharmavite,8
pharmd,3
phase,9
phases,4
phd,114
phds,1
phenomenal,1
phenotype,1
phenotypic,7
phenotyping,5
phenylketonuria,4
phi,1
philadelphia,7
philosophy,10
phishing,4
phoenix,2
phoenixville,2
phone,17
phospho,1
photogrammetry,1
photos,3
php,4
physical,99
physically,1
physician,11
physicians,14
physics,56
physiological,2
physiology,6
phython,1
pi,2
pi118871321,2
pick,1
picked,1
picking,1
picture,6
pictures,1
piece,3
pieces,1
pig,11
pilot,4
pilots,3
pin,1
ping,2
pinnacol,2
pinpoint,1
pinterest,2
pioneer,5
pioneered,2
pioneering,13
pioneers,1
pip,1
pipe,1
pipeline,33
pipelines,92
pipelining,1
piping,1
pitch,2
pitfalls,1
pittsburgh,1
pivot,9
pivotal,1
pivoting,1
pixels,1
pk,3
pl,7
place,43
placed,4
placement,10
places,9
plains,1
plan,85
planet,1
planning,62
plans,90
plansexperience,1
plant,3
plate,1
plates,1
platform,199
platforms,86
plausible,1
play,30
player,19
players,4
playful,1
plays,7
playtex,1
pleasantly,1
pleased,3
plenty,1
plm,1
plot,2
plots,2
pluribus,1
plus,173
pluses,1
plymouth,3
pm,1
pm10,1
pm2,1
pms,1
pnnl,44
pnnls,2
po,1
pockets,1
pocs,3
podcast,1
podman,1
point,10
points,22
poised,2
polaris,1
police,1
policies,45
policy,54
political,6
politics,1
pollutant,1
poly,2
polyglot,1
polygraph,7
polymers,1
pompano,1
pong,2
pool,4
pop,2
popcorn,2
popular,4
populated,1
populating,1
population,7
populations,12
porch,3
portal,1
portals,1
portfolio,18
portfolios,2
portion,3
portions,4
portland,4
portray,3
pose,5
position,300
positioned,6
positioning,1
positions,42
positive,56
positively,7
possess,28
possesses,8
possessing,2
possession,1
possibilities,1
possibility,3
possible,39
possibly,1
post,24
postal,1
postdoc,2
postdoctoral,2
posted,1
poster,9
posters,5
postgres,10
postgresql,17
posting,8
posts,5
potency,5
potential,47
potentially,14
pottstown,2
pounds,7
poverty,1
power,78
powerbi,10
powercenter,1
powered,33
powerful,10
powering,3
powerpoint,18
powerpoints,1
powers,5
powertrain,1
pp,1
ppc,2
pr,1
practical,24
practice,28
practicefusion,1
practices,129
practicing,1
practitioners,5
pragmatic,2
pre,28
preaggregation,1
precaution,1
precautions,1
preceding,4
precise,13
precisely,2
precision,7
preclinical,11
predefined,1
predicated,4
predicative,1
predict,22
predictability,2
predicting,10
prediction,16
predictions,12
predictive,182
predisposition,3
predominantly,1
prefer,6
preferable,3
preferably,52
preference,3
preferences,2
preferred,278
preferredtechnical,2
prefers,1
pregnancy,24
preliminary,3
premature,1
premier,8
premise,7
premium,2
premiums,5
prep,4
preparation,26
preparations,2
prepare,45
prepared,6
prepares,5
preparing,6
prepping,1
preprocessing,4
prerequisite,1
prescribing,1
prescription,1
prescriptions,3
prescriptive,13
presence,5
present,66
presentation,53
presentations,32
presented,2
presenting,25
presents,2
preservation,1
preserve,4
preserves,2
preserving,3
president,3
press,1
pressing,3
pressure,17
prestigious,1
presto,12
pretty,3
prevent,4
preventable,1
prevention,6
preventive,2
previous,31
previously,2
price,5
pricing,17
pride,13
prides,2
prima,1
primarily,13
primary,61
prime,5
primer,1
principal,34
principals,1
principle,1
principled,2
principles,37
principlesolutions,1
print,1
printer,1
printout,1
prior,38
priorities,28
prioritization,11
prioritize,41
prioritized,1
prioritizes,2
prioritizing,5
priority,8
prism,1
privacy,46
private,14
privately,6
privilege,3
prize,1
pro,4
proactive,20
proactively,21
proactivity,2
probabilistic,3
probability,17
probably,1
probe,9
probing,1
probit,2
problem,152
problems,284
procedural,1
procedure,5
procedures,88
process,209
processed,1
processes,149
processing,135
procure,1
procured,1
procurement,3
prodev,1
produce,41
produced,7
producers,1
produces,1
producing,8
product,243
productdesign,1
production,113
productionalization,1
productionalize,1
productionalizes,1
productionize,1
productionizing,2
productions,1
productive,18
productively,1
productivity,9
productization,2
productize,4
products,243
profession,1
professional,119
professionalism,1
professionally,1
professionals,32
professor,13
proficent,1
proficiency,104
proficient,60
proficiently,5
profile,11
profiles,4
profiling,11
profit,19
profitability,17
profitably,2
profound,1
program,110
programing,3
programmatic,6
programmers,3
programming,174
programs,143
progress,27
progresses,1
progression,2
progressive,11
progressively,2
prohibit,4
prohibited,1
prohibits,17
project,224
projecting,2
projection,6
projections,8
projects,272
proliferation,4
prolific,1
prometheus,1
prominent,1
promise,3
promises,4
promising,5
promo,1
promote,28
promoted,3
promotes,8
promoting,3
promotion,19
promotional,3
promotions,3
promptly,1
prone,1
proof,10
proofing,1
propagation,2
propel,2
propensity,2
proper,12
properly,1
properties,12
property,14
proportions,4
proposal,6
proposals,35
propose,24
proposed,12
proposes,1
proposing,3
proposition,1
propositions,2
proprietary,25
pros,2
proscribed,1
prospective,11
prospects,3
protect,16
protected,132
protecting,7
protection,12
protects,2
protein,8
proteomic,3
proteomics,7
protocol,5
protocols,28
prototype,28
prototypes,11
prototyping,14
proud,35
proudly,2
prourement,1
prove,3
proven,76
provide,284
provided,17
provider,39
providers,29
provides,81
providing,106
province,1
proving,2
provision,1
provisioning,1
prowess,1
proximity,2
proxy,1
prudent,1
prune,2
psd,1
psychiatric,3
psychology,4
psychophysiological,2
pto,15
public,66
publication,12
publications,20
publicly,6
publics,1
publish,2
published,5
publisher,2
publishers,4
publishing,4
pull,5
pulled,2
pulling,1
pulls,4
pumped,1
pun,1
purchase,8
purchased,1
purchasedcare,2
purchasers,2
purchases,1
purchasing,3
purification,4
purity,1
purporting,1
purpose,32
purposely,2
purposes,10
pursuant,5
pursue,9
pursuing,2
pursuit,8
pursuits,2
push,13
pushes,5
pushing,1
putting,2
puzzle,1
puzzles,3
pv,8
pvg,2
pvm,1
py,1
pyspark,15
python,341
python3,1
pytorch,23
q4,1
qa,16
qaqc,1
qbd,3
qc,4
qe,2
qgis,1
qikview,1
qinetiq,4
qlik,11
qlikview,5
qnsp,4
qpcr,4
qra,1
qsar,6
qsti,1
qualfications,1
qualification,22
qualifications,226
qualified,111
qualify,3
qualifying,5
qualitative,16
qualities,4
quality,255
quant,2
quantative,1
quantifiable,1
quantification,4
quantifies,1
quantify,2
quantifying,2
quantitative,159
quantitatively,3
quantities,2
quarry,1
quarter,5
quarterly,8
quarters,1
quartet,13
quartethealth,4
queens,2
queries,38
query,31
querying,13
quest,2
question,10
questioning,1
questionnaire,5
questionname,1
questions,80
quick,12
quickly,46
quintessential,1
quit,3
quo,11
quotations,12
r1,2
ra,1
rabbitmq,8
race,142
rackspace,1
radar,7
radars,4
radically,3
radio,2
radioligand,1
rai,4
rail,3
railey,1
rails,6
rais,2
raise,4
raised,4
raising,2
rallies,1
raman,1
ramen,1
ramp,2
ramping,1
random,22
range,60
ranges,14
ranging,5
rank,1
ranked,8
ranks,1
rapid,29
rapidly,37
rapidminer,3
rapids,1
rapport,3
rare,21
rarely,2
raster,1
rata,1
rate,8
rated,6
rates,10
rating,2
ratings,1
rationally,1
ratios,2
ratpack,1
rattle,1
raw,22
ray,1
raytheon,2
rbm,1
rca,1
rct,3
rdbms,5
rdbmss,2
rdd,1
rdds,1
rdf,1
rdkit,2
rdp,1
rds,6
rdt,1
reach,16
reaches,1
reaching,5
react,9
reactions,1
reactir,1
reactraman,1
read,12
readiness,3
reading,8
readme,2
reads,1
ready,19
reagan,4
real,109
realistic,1
reality,4
realize,7
realized,2
really,5
realm,2
realms,2
realtime,1
reason,1
reasonable,60
reasonably,1
reasoned,1
reasoning,2
reasons,6
rebels,2
recall,1
receipt,1
receivable,1
receivables,1
receive,59
received,7
receives,3
receiving,2
recent,18
recently,9
receptive,2
receptor,7
recognised,3
recognition,17
recognize,12
recognized,24
recognizing,3
recommend,27
recommendation,12
recommendations,76
recommended,8
recommender,8
recommending,5
recommends,5
recon,1
reconcile,1
reconciles,1
reconciliation,5
reconciliations,1
reconciling,1
record,78
recorded,3
recording,1
records,27
recovering,1
recovery,7
recruit,2
recruiter,7
recruiters,6
recruiting,25
recruitment,38
recurring,5
recursion,24
recycling,2
red,21
redefine,4
redefines,2
redefining,2
redesign,1
redis,5
redjack,1
redshift,34
reduce,19
reduced,2
reduces,4
reducing,4
reduction,7
redux,1
redventures,1
reed,2
reengineering,1
ref,1
refactor,1
refactoring,5
refer,2
reference,19
referenced,1
references,2
referral,10
referrals,2
referred,2
referring,3
refinancing,1
refine,12
refined,1
refinement,4
refinements,1
refining,2
reflect,4
reflects,5
reframe,1
refrigerator,1
refs,1
refugee,1
refugees,1
regard,84
regarding,27
regardless,20
regards,5
region,6
regional,14
regions,5
registered,2
registration,9
registrations,2
registries,6
registry,2
regression,71
regressions,5
regs,2
regular,37
regularization,3
regularized,1
regularly,14
regulate,4
regulated,9
regulations,42
regulators,1
regulatory,62
rehabilitation,2
reimagine,4
reimagining,3
reimburse,3
reimbursed,1
reimbursement,31
reimbursements,1
reinforce,1
reinforcement,7
reinsurance,4
reinvent,3
reinventing,6
reinvention,1
reit,2
relate,1
related,331
relates,5
relating,3
relation,1
relational,50
relations,9
relationship,8
relationships,70
relative,2
relatively,5
relaxed,1
relay,3
relays,1
release,17
released,2
releases,5
relentless,1
relentlessly,2
relevance,4
relevant,149
reliability,18
reliable,20
reliably,2
reliant,2
relies,1
religion,134
religious,6
relocate,1
relocating,2
relocation,9
relu,3
rely,8
relying,2
remain,6
remaining,3
remains,2
remarkable,3
remarkably,2
remediate,4
remember,2
reminders,1
remit,1
remote,12
remove,4
removed,2
removing,2
renal,1
rendering,4
renewable,1
renewables,2
renovation,2
renowned,3
rental,5
renter,1
reorganizing,2
repayment,2
repeat,1
repeatable,3
repeatedly,3
replace,5
replicable,2
replication,3
repo,1
report,56
reportable,3
reported,8
reporting,150
reports,152
repositories,8
repository,5
represent,9
representation,3
representational,1
representative,7
representatives,1
represented,2
representing,2
represents,2
reprocessing,1
reproduce,1
reproduced,1
reproducible,4
reputation,5
req,3
request,28
requested,7
requesting,2
requests,40
require,51
required,347
requirement,10
requirements,289
requires,81
requiring,13
requisite,6
requisition,7
rescinded,1
research,429
researcher,3
researchers,14
researches,1
researching,14
reserve,1
reserves,2
reservist,2
reshape,3
reshaping,1
resided,1
residency,3
resident,5
residential,7
residents,15
resides,1
residing,1
resiliency,1
resilient,8
resolution,18
resolutions,2
resolve,20
resolved,1
resolves,1
resolving,4
resonate,1
resource,30
resourceful,4
resourcefulness,1
resources,44
resourcescontents,12
respect,20
respectable,1
respected,4
respective,1
respond,17
responded,4
respondent,1
respondents,1
responding,1
response,27
responses,9
responsibilities,257
responsibility,28
responsible,124
responsibly,1
responsive,5
responsiveness,2
rest,18
restaurants,5
restful,3
reston,2
restore,3
restricted,1
restriction,1
restrictions,2
restructurings,1
resubmissions,1
resubmit,1
result,18
resulting,13
results,200
resume,24
resume_prep_guide,1
resumes,35
retail,26
retailers,7
retain,6
retaining,5
retains,2
retargeting,1
retention,16
retina,1
retire,1
retirement,22
retraining,1
retreat,1
retrieval,13
retrieve,4
retros,2
return,13
returning,3
returns,2
reusable,11
reuse,1
revamp,2
revenue,36
revenues,4
reversal,1
reverse,1
review,71
reviewed,13
reviewers,1
reviewing,16
reviews,19
reviewsto,1
revise,1
revised,1
revising,3
revisions,1
revisit,1
revitalization,1
revolution,6
revolutionary,4
revolutionize,1
revolutionized,1
revolutionizing,2
revolves,3
reward,4
rewarded,3
rewarding,8
rewards,13
reynolds,14
rf,6
rfid,1
rgh,1
rhel,1
rice,1
rich,21
richardson,1
richest,1
richness,1
riding,1
right,98
rights,6
rigor,8
rigorous,4
ris,1
rising,3
risk,98
risking,4
risks,25
river,4
rjrt,2
rl,5
rmp,2
rmps,2
rna,5
rnaseq,1
rnn,1
rnns,1
roadblocks,4
roadmap,15
roadmaps,5
robotic,2
robotics,3
robust,36
robustness,3
roche,3
rochester,14
rock,3
rocket,1
rocksdb,2
rocky,1
rodent,5
rodents,4
roi,10
role,246
roles,18
rolethe,1
roll,7
roller,1
rolling,2
rollout,3
ronald,2
roof,2
room,7
rooneywp,1
root,9
rooted,2
roots,2
rotations,2
rote,1
roth,2
round,6
route,1
routers,1
routine,17
routinely,1
routines,3
routing,1
rover,1
row,6
royce,3
roycegeo,1
rpa,8
rra,2
rrms,2
rshiny,1
rt,1
rtb,3
rtf,1
rti,4
rts,10
rtx,12
rubius,24
rubiustx,8
ruby,12
rule,3
rules,18
run,19
running,20
runs,8
rust,1
ruthless,2
rwd,2
rx,1
s3,28
saas,15
saf,2
safe,13
safeguard,1
safeguarding,2
safely,2
safer,14
safest,2
safety,78
sage,2
sagemaker,8
saharan,1
said,4
sail,4
saints,3
salaries,9
salary,40
sale,5
salem,2
sales,70
salesforce,14
salt,2
samba,4
sample,25
samples,10
sampling,6
samsung,7
san,49
sanctions,1
sandal,1
sandisk,2
sanger,1
santa,7
sao,3
sap,3
sapper,1
sapphire,3
sartorius,23
sas,64
sat,2
satisfaction,12
satisfactorily,1
satisfy,3
satisfying,1
saturday,1
sauce,3
save,9
saving,6
savings,8
savvy,15
sawtelle,1
say,8
saying,1
sba,2
sc,3
scala,57
scalability,7
scalable,53
scale,122
scales,3
scaling,17
scam,1
scan,1
scans,2
scares,1
scenario,4
scenarios,2
scet,1
schedule,21
scheduled,7
schedules,5
scheduling,8
schema,6
schemas,5
scholarly,1
school,13
schools,4
sci,16
science,726
science_,4
sciences,91
sciences_,7
scientific,180
scientifically,2
scientis,1
scientist,432
scientistin,1
scientists,252
scikit,39
scikitlearn,3
scipy,12
scm,1
scope,20
scoped,2
scopely,1
scopes,1
scoping,3
scor,1
score,1
scores,2
scoring,8
scottsdale,1
scrap,2
scrapes,2
scraping,4
scrapping,1
scrappy,1
scrapy,2
scratch,1
scratching,1
screen,1
screeners,1
screening,13
screenings,5
screens,1
scripps,15
scrips,1
script,5
scripting,49
scripts,22
scrubbing,2
scrum,13
sdlc,7
sdtm,1
se,3
sea,1
seaborn,2
seamless,3
seamlessly,5
search,24
searches,6
searching,9
season,2
seasonal,4
seasoned,4
seattle,8
sec,1
second,11
secondary,11
secops,2
secret,15
secrets,3
section,4
sections,4
sector,10
sectors,8
secure,35
securely,2
securing,1
securities,2
security,251
security_,4
seed,1
seeing,3
seek,22
seeker,1
seekers,1
seeking,113
seeks,15
segment,9
segmentation,18
segmentations,3
segments,5
segregation,1
sei,23
seim,1
select,8
selected,11
selecting,5
selection,29
selections,1
selective,3
selects,2
selenium,2
self,101
selfless,1
sell,1
sellers,1
selling,5
selves,3
sem,1
semantic,1
semi,5
semiconductor,1
seminars,4
send,9
sending,1
senior,125
seniors,1
sense,24
senseon,1
sensing,6
sensitive,5
sensor,14
sensors,16
sensory,3
sent,1
sentiment,3
seo,3
separated,5
separately,1
seq,1
seq2seq,1
sequence,5
sequences,3
sequencing,10
sequential,3
sequentially,1
sequoia,2
series,18
seriously,8
servant,1
serve,51
served,2
server,46
serverless,1
servers,4
serves,21
service,119
serviced,1
services,237
serving,15
sesame,6
session,1
sessions,5
set,59
sets,160
setsexperience,1
setting,29
settings,10
settlement,3
setup,5
setups,1
seven,5
sever,1
severity,1
sex,111
sexual,134
sf1,1
shall,14
shape,22
shaped,3
shapes,2
shaping,12
share,44
shared,12
sharepoint,3
shares,3
sharing,22
sharp,1
sheet,3
sheets,2
shelf,6
shell,11
shells,1
sherpaa,2
shift,17
shifting,5
shifts,3
shine,11
shiny,10
ship,7
shipboard,1
shippers,2
shipping,4
shoes,1
shoot,2
shooting,2
shop,5
shopper,4
shopping,2
shops,3
shore,1
short,7
shorten,1
shot,1
shots,4
shoulder,1
shoulders,1
showcase,8
showers,3
showing,7
shows,3
sick,12
sided,1
siem,2
sift,1
sight,1
sigint,2
sigma,2
sign,5
signal,18
signaling,3
signals,3
signature,4
signatures,6
signatures_,1
signed,3
significance,5
significant,32
significantly,3
signing,6
silicon,1
silo,1
silos,1
silver,2
silvia,1
simca,6
simcyp,2
similar,70
similarly,1
simple,15
simplicity,3
simplification,1
simplifies,2
simplify,5
simply,5
simulate,1
simulated,5
simulation,23
simulations,5
simultaneous,1
simultaneously,18
singapore,1
single,11
singular,1
singularity,1
sinks,2
sips,1
sisense,2
sit,8
site,36
sites,12
sitting,8
situation,1
situational,1
situations,11
sizable,2
size,9
sized,3
sizes,3
sizing,2
skeptic,1
skill,19
skilled,29
skills,736
skillset,4
skin,2
skipping,1
sklearn,6
sku,1
sla,1
sleeves,2
slice,2
slides,2
sloan,1
slow,1
slq,1
slurpers,1
sm,2
small,61
smaller,3
smarking,2
smart,23
smarter,17
smartthings,2
smc³,2
sme,4
smile,1
smiles,1
smith,2
smithhanley,1
smoke,1
smokefree,1
smokeless,1
smooth,5
sms,1
snack,8
snacks,7
snakemake,2
snapshot,1
snl,2
snmp,1
snowball,2
snowflake,14
snuff,3
soa,5
soap,1
social,54
society,6
socio,1
sockets,2
soda,3
soft,4
software,340
soho,2
soi,1
sok,2
solaria,1
sold,1
solely,6
solicit,4
soliciting,2
solid,43
solider,1
soluble,1
solution,58
solutions,517
solve,129
solved,1
solver,10
solvers,6
solves,1
solving,150
somr,1
soon,2
sooner,1
sop,3
sophisticated,11
sophistication,2
sops,3
sorry,1
sort,2
sorting,1
sotheby,2
sought,3
sound,17
sounding,2
soundly,1
soundness,1
sounds,9
source,82
sourced,1
sourcefire,1
sources,165
sourcing,4
south,9
southeastern,1
sox,1
space,45
spacer,1
spacers,1
spaces,8
spacy,2
spam,1
span,7
spanish,5
spanning,7
spans,2
spark,139
sparklyr,2
sparkml,1
sparkr,2
sparksql,1
sparse,4
spatial,7
spatiotemporal,1
speak,4
speaker,1
speakers,2
speaking,7
speaks,1
spearcareers,2
spearhead,2
spec,4
special,13
specialist,11
specialists,9
specialization,4
specialize,4
specialized,14
specializes,1
specializing,6
specialty,10
specific,59
specifically,8
specification,5
specifications,13
specified,2
specify,1
specimen,1
specimens,1
specs,6
spectral,6
spectrometry,2
spectroscopic,3
spectroscopy,1
spectrum,14
speech,6
speed,9
spelling,1
spend,10
spending,7
spent,4
spf,2
spin,2
spirit,15
split,1
splunk,3
spoken,1
sponsor,24
sponsored,4
sponsoring,2
sponsors,15
sponsorship,26
sporting,1
sports,1
spot,1
spotfire,8
spotlight,1
spotting,3
sprays,1
spread,3
spreadsheet,3
spreadsheets,1
spring,6
springfield,8
springml,9
springs,1
sprint,2
sps,2
spss,6
sql,318
sqoop,2
sqs,1
squad,2
square,3
sr,25
sra,1
src,2
ss2,2
ssa,2
ssas,3
ssbi,3
ssis,6
ssl,2
ssp,1
ssrs,2
st,9
stability,29
stable,5
stack,32
stacks,2
staff,95
staffed,2
staffing,13
staffingsupport,2
stage,11
stages,3
stained,1
stake,2
stakeholder,10
stakeholders,163
stale,2
stalking,1
stand,7
standalone,1
standard,36
standardization,8
standardize,3
standardized,8
standards,67
standby,1
standing,6
standout,1
standpoint,1
stands,2
stanford,1
staple,1
star,3
starbucks,1
start,34
started,5
starter,21
starters,3
starting,8
starts,1
startup,23
startups,7
stat,3
stata,4
state,98
stateful,2
statement,27
statements,3
states,36
static,3
stating,1
station,5
stations,2
statistical,366
statistically,2
statistician,4
statisticians,4
statistics,266
stats,3
statsmodels,2
stature,1
status,305
statuses,1
statutory,3
stax,1
stay,17
staying,4
stays,6
steadfast,1
steadily,5
steaks,1
stealth,2
stedim,3
steer,8
stellar,3
stem,6
step,7
steps,18
stereotypes,1
stereotypically,2
steward,1
stewards,1
stewardship,3
stick,2
stimulates,2
stimulating,5
stitcher,1
stochastic,2
stock,13
stocked,12
stocking,1
stop,4
storage,25
storageblockblob,1
store,12
stored,2
stores,6
stories,19
storing,4
storm,5
story,15
storytelling,6
str,6
straight,1
stratagem,7
strategic,63
strategically,6
strategies,71
strategists,6
strategize,2
strategy,94
stratification,1
stream,8
streaming,31
streamline,6
streamlined,2
streamlining,4
streams,14
street,7
streetsmart,2
strength,6
strengthens,1
strengths,4
stress,1
strict,5
strictly,3
strike,2
strings,2
strive,28
strives,6
striving,4
strong,444
stronger,15
strongly,21
structural,1
structure,29
structured,76
structures,38
structuring,6
struggles,1
student,13
students,22
studies,60
studio,7
study,41
studying,2
stuff,1
style,7
styles,3
sub,10
subcontract,3
subcontractors,1
subject,68
subjects,2
submission,7
submissions,13
submit,11
submitted,6
submitting,1
subscriber,1
subsequent,3
subsidiaries,8
subsidiary,3
subsidized,2
subsidy,2
substance,8
substances,2
substantial,5
substantiated,1
substantiation,1
substantive,1
substitute,2
substituted,2
substructure,3
subsystem,1
subsystems,2
subversion,1
succeed,11
success,99
successful,109
successfull,1
successfully,25
suds,2
sufficiency,2
sufficient,7
sugar,1
sugary,2
sugervised,1
suggest,7
suggestions,8
suggests,2
suit,3
suitability,8
suitable,9
suite,28
suited,8
suites,3
suitland,1
suits,2
sullens,1
sullivancotter,2
sumitomo,3
summaries,9
summarization,2
summarize,10
summarizing,5
summary,68
summarydata,1
summaryprovide,1
summer,6
summers,1
summery,2
sumo,6
sun,2
sunovion,8
sunscreen,4
sunshine,6
super,3
superb,2
supercharge,1
supercomputer,1
superior,11
superstars,2
superuser,1
supervise,10
supervised,26
supervising,3
supervision,26
supervisor,2
supervisors,2
supervisory,7
supoport,1
supplement,5
supplemental,2
supplemented,2
supplements,2
supplier,1
suppliers,5
supplies,2
supply,19
support,412
support_,5
supportbank,1
supported,10
supporters,1
supporting,63
supportive,12
supports,44
sure,8
surety,1
surface,2
surfacing,1
surge,1
surgeries,1
surgical,1
surrogacy,2
surrounded,7
surveillance,11
survey,15
surveys,5
survivability,2
survival,1
suspected,1
suspects,1
suspend,1
sustain,4
sustainability,3
sustainable,4
sustained,3
sustaining,1
sutter,2
svc,1
svm,8
svms,1
sw,1
sweat,2
swib,11
swibs,4
swift,1
swiss,32
switch,4
switches,1
switzerland,4
sybase,1
symbol,1
symphony2,1
symposia,1
symptoms,2
sync,1
synchronization,1
syndicated,3
synergistically,1
syntax,1
synthesis,5
synthesize,8
synthesizing,6
synthetic,3
syracuse,1
systematic,8
systemic,1
systems,340
systèmes,1
t1,2
tab,1
table,13
tableau,107
tables,15
tabletop,1
tabulate,1
tackle,17
tackling,11
tactical,6
tactically,1
tactics,4
tags,1
tailor,1
tailored,6
takeda,19
takedajobs,5
taken,2
takers,5
takes,9
taking,14
talent,59
talentacquisition,2
talented,50
talents,13
talk,12
talking,1
talks,3
tall,1
tampa,5
tandem,1
tangible,3
tank,1
tapjoy,19
target,18
targetability,1
targeted,18
targeting,17
targets,9
task,23
tasked,6
tasking,2
tasks,67
tasty,1
taught,2
tax,10
taxes,1
taxonomic,2
tb,4
tbg,1
tbs,1
tdd,1
tea,1
teach,10
teacher,3
teachers,2
teaches,1
teaching,13
team,846
teamaam,2
teamed,2
teaming,1
teammate,2
teammates,9
teams,288
teamwork,16
tease,2
teasing,1
tech,50
technical,496
technically,11
technician,1
technicians,4
technique,5
techniques,302
technological,10
technologically,4
technologies,216
technologist,5
technologists,4
technology,322
tecolote,1
tedious,1
tegile,2
telco,4
telecom,1
telecommunications,1
telecommuting,5
telehealth,2
telematics,2
telemetry,9
telephone,8
telephones,2
television,8
telework,1
tell,13
telling,3
tells,1
telstra,2
temperature,1
templates,3
temple,3
temporal,1
tempus,2
tenable,1
tenaciously,1
tenacity,1
tenant,2
tenets,1
tennessee,7
tens,6
tensor,1
tensorflow,52
tenure,2
terabytes,5
teradata,4
term,30
terminal,3
termination,2
terminology,7
terms,18
terraform,2
terrorism,1
test,164
testable,7
testament,1
testbeds,1
tested,9
testers,1
testimonials,1
testing,148
tests,52
texas,11
text,27
textbook,1
textual,1
tfs,1
thank,3
thanks,1
that_,1
thats,4
theano,1
theatrical,1
theft,1
thei,2
themuse,1
theoretical,9
theories,4
theory,8
thepython,3
therapeutic,11
therapeutics,28
therapies,24
therapiesusing,2
therapy,5
thing,12
things,43
think,31
thinker,12
thinkers,5
thinking,54
thinks,2
thorough,10
thoroughly,1
thought,27
thoughtful,5
thousands,15
threat,23
threatening,4
threats,9
thrilled,1
thrive,34
thrives,7
thriving,2
throttling,1
throughput,13
throw,1
throwdowns,1
thrown,1
thu,1
thursday,2
tiaa,1
ticker,1
ticket,1
ticketing,1
tickets,4
tidyverse,1
tie,3
tier,8
tiered,1
ties,2
tight,9
tightly,1
time,282
timeframes,2
timeline,3
timelines,7
timeliness,1
timely,34
times,14
timing,2
tiny,1
tissue,11
title,29
titled,2
titles,1
tlf,1
tls,2
tmf,1
tn,1
tns,1
to1,2
tobacco,23
today,43
todays,5
togaf,1
tokens,2
tokyo,2
tolerance,5
tolerant,3
tolerate,5
tomorrow,3
ton,2
tons,1
tool,25
tooling,7
toolkits,8
tools,396
toolset,3
toolsets,2
topic,3
topics,13
topnotch,2
topps,1
torch,1
toronto,1
total,15
totaled,2
touch,6
touches,1
touchpoints,1
touchscreen,1
tough,5
toughest,11
tournaments,1
tower,5
towers,3
town,10
tox,3
toxicities,7
toxicity,8
toxicological,8
toxicologist,1
toxicology,17
toxins,1
toyota,2
tpm,2
tpms,2
tpo,2
trace,1
trace3,7
traceable,1
track,74
tracking,25
tracks,1
tract,6
tractable,2
trade,17
tradecraft,1
traded,1
tradeoffs,2
trades,3
tradeshows,1
trading,5
traditional,20
traditionally,2
traffic,5
trail,2
trailblazers,3
trailer,1
train,23
trained,2
trainer,1
trainers,1
training,124
trainings,1
trains,4
traits,2
transacting,1
transaction,12
transactional,4
transactions,7
transcription,2
transcripts,1
transdisciplinary,1
transduction,1
transfer,24
transferring,2
transfers,3
transform,56
transformation,49
transformational,6
transformations,5
transformative,9
transforming,20
transforms,2
transgender,4
transit,1
transition,2
transitioning,4
translate,52
translates,2
translating,5
translation,2
translational,26
transmit,1
transmitted,1
transparency,21
transplant,6
transplantation,2
transport,4
transportation,8
transporter,1
transporters,2
transunion,2
tranzact,3
travel,64
travelers,1
traveling,3
traverses,2
treas,1
treasury,1
treat,6
treated,2
treating,1
treatment,32
treatments,13
treats,4
tree,12
trees,17
tremendous,2
trenches,1
trend,8
trending,3
trends,110
tri,1
triage,1
triaging,3
trial,18
trials,33
triathletes,2
tribal,2
tricare,1
tried,5
trillion,2
trilogy,2
trinity,1
triplestore,3
trips,3
triton,1
trouble,4
troubleshoot,12
troubleshooter,3
troubleshooting,21
troubleshoots,2
trp,1
truck,1
trucking,1
truckstop,9
true,8
trueaccord,12
truly,9
trust,31
trusted,14
trustworthy,3
trusty,1
truth,3
try,4
trying,2
ts,16
tsa,1
ttps,3
tue,1
tuition,19
tumors,12
tune,8
tuning,18
turbine,1
turn,14
turned,1
turning,5
tutorials,4
tv,19
tvs,1
tweet,1
twisting,1
twitter,13
tws,2
tx,2
type,59
types,21
typical,14
typically,10
uavs,1
uba,1
ubc,1
ubuntu,1
uc,1
ucavgapyifctulmntagal_sq,1
udfs,2
ueba,1
uhealth,7
ui,7
uipath,1
uix,2
uk,1
ultimately,15
umetrics,6
uml,2
umms,2
umr,1
unable,9
unanticipated,1
unapologetic,1
unassisted,1
unavoidable,1
unbanked,3
uncertain,1
uncertainty,6
uncharted,1
uncommon,4
unconventional,2
uncover,10
uncovering,2
undergrad,1
undergraduate,5
undergraduates,1
underlying,8
underserved,4
understand,159
understandable,3
understanding,241
understands,12
understood,6
undertake,7
undertaken,2
undertakes,1
undertaking,1
underwrite,1
underwriting,13
undetected,1
undirected,1
undisclosed,2
undue,3
unexpected,1
unfamiliar,1
unified,9
uniform,1
uniformed,3
uniformity,1
unify,1
union,4
unions,4
unique,54
uniquely,11
uniqueness,1
unit,20
unite,1
united,39
uniting,1
units,29
univariate,2
universal,1
universally,1
universe,3
universities,8
university,61
unix,12
unknown,1
unlawful,4
unless,12
unlimited,9
unlock,8
unmatched,2
unofficial,1
unparalleled,3
unprecedented,4
unravel,1
unrelated,2
unreleased,1
unrivalled,2
unsatisfactory,1
unscathed,1
unseen,2
unsolicited,22
unstructured,68
unsupervised,25
untethered,1
untreatable,2
unum,1
unwanted,1
unwavering,3
upbeat,2
upc,1
upcoming,1
update,12
updated,1
updates,15
updating,8
upending,3
upgrade,2
upgrades,1
upgrading,1
upkeep,1
upload,3
uploaded,1
upoenlieod8,3
upper,1
ups,4
upside,2
upstream,2
upthere,2
upward,2
urban,2
urge,2
urged,4
urgency,9
urgent,3
usa,12
usability,7
usable,5
usage,22
usc,2
uscg,1
uscis,13
use,316
usecases,1
used,79
useful,15
user,73
useready,4
users,62
uses,30
usher,1
using,387
usp,1
usual,5
usually,1
utilities,12
utility,4
utilization,10
utilize,38
utilized,8
utilizes,2
utilizing,32
utmost,2
uv,1
ux,3
v3,1
va,12
vacation,38
vaccines,2
vague,2
val,1
vala4950,1
valencia,2
valid,7
validate,26
validated,5
validates,2
validating,5
validation,62
validity,4
valley,2
valuable,26
valuations,2
value,129
valued,14
values,58
valuing,4
vanguard,2
vapor,2
var,2
variability,2
variable,4
variables,4
variance,6
variances,1
variant,1
variants,2
varied,12
varies,1
variety,105
various,138
vary,3
varying,10
vast,17
vaults,2
vb6,2
vba,21
vc,1
vcs,1
vdi,1
ve,31
vector,17
vectors,6
vegans,2
veggies,2
vehicle,8
vehicles,3
velocity,3
vendor,15
vendors,14
venture,9
ventures,18
venues,3
veracity,3
verbal,90
verbally,1
verification,15
verified,3
verify,67
verifying,4
versa,2
versatile,3
versatility,1
versed,1
version,19
versioning,1
versus,1
vert,1
vertica,3
vertical,1
verticals,4
vested,2
vestibular,1
vesting,3
vet,3
veteran,159
veterans,22
vevraa,4
vhdl,1
viability,2
viacomcbs,1
vibrant,8
vice,5
victim,1
video,16
videos,2
view,32
viewership,6
viewpoints,1
views,3
vinod,1
violation,1
violations,1
violence,1
vionic,4
viral,6
virginia,3
virology,1
virtual,4
virtualization,4
virtualized,1
visa,50
visanet,3
viscosity,1
visibility,9
visible,4
visio,4
vision,99
visionaries,1
visionary,6
visit,56
visitcitadelbanking,2
visiting,2
visitor,1
visitors,2
visits,3
visual,18
visualization,128
visualizations,62
visualize,13
visualized,1
visualizers,1
visualizing,11
visually,5
visuals,1
vital,7
vitamin,1
vitamins,2
vitro,21
vivo,40
vizualization,1
vlookup,2
vlookups,1
vmware,1
voice,9
voices,2
volatile,4
volume,14
volumes,11
voluminous,3
voluntarily,2
voluntary,3
volunteer,7
volunteering,2
volunteerism,1
voted,1
vowpal,1
vox,2
vp,14
vs,2
vto,1
vue,6
vulnerabilities,3
vulnerability,3
vulnerable,1
wa,3
wabbit,1
wages,1
waist,1
wait,1
waiting,6
wake,1
walgreens,4
walk,6
walked,2
walking,4
walks,1
wall,3
walmart,3
walter,2
want,77
wanted,2
wants,3
war,2
warehouse,56
warehouses,11
warehousing,17
warfighter,4
warfighters,2
warm,1
wartime,4
washington,18
wasteful,1
watch,7
watchers,2
water,5
waterfall,3
watson,2
wave,5
wavelength,1
way,72
ways,46
wd,2
wd1,2
wdc,2
weaknesses,3
wealth,2
weapon,1
weapons,1
wear,3
wearable,2
wearhouse,1
weather,1
web,83
webbpposterrtowenglishversion,3
webbpposterrtowspanishversion,3
webfocus,1
webfx,4
webhooks,1
webscraping,2
website,17
websites,6
webtrends,1
wed,1
wednesday,2
week,8
weekday,3
weekend,1
weekends,4
weekly,10
weeks,1
weighing,1
weight,3
weka,4
welcome,9
welcoming,1
welfare,4
wellbeing,2
wellness,24
wes,1
west,5
western,19
wet,2
weve,1
wfh,2
wgs,1
wharton,1
whats,3
whilst,2
whiskers,2
whiteboard,2
wholesale,2
wholly,3
wi,2
wicked,1
wide,63
widely,2
wider,1
width,1
wiki,1
willing,12
willingly,1
willingness,28
willis,2
willyoudo,1
win,8
windows,5
windsor,2
windward,1
winner,4
winners,2
winning,13
winston,2
winter,4
wire,1
wireshark,1
wisconsin,4
wisdom,1
wish,15
wishes,1
wishing,1
wishjwall,1
withdrawn,1
withstand,1
witness,1
wizard,1
wizardry,1
wk,1
wms,1
wolferman,1
women,7
won,5
worcester,3
word,21
word2vec,1
words,2
work,1080
workday,3
worked,4
worker,20
workers,6
workflow,16
workflows,21
workforce,13
working,452
workings,2
workload,3
workloads,4
workmanship,1
workplace,58
workplaces,7
workplance,2
workpop,1
works,48
workshops,6
workspace,1
workstations,1
workstream,1
world,228
worldwide,23
worth,1
worthiness,3
worthy,3
woven,1
wrair,1
wrangle,4
wrangling,9
wrapper,1
wrbu,1
wrestler,1
wright,1
wrigley,1
write,48
writers,2
writes,5
writing,86
written,156
wrong,1
wrs,4
wtc,1
wtchr,1
wuermli,1
www,68
wyomissing,1
x12,1
x86,1
xgboost,10
xml,4
xp,2
xpatch,2
xslt,2
xv,1
yale,1
yardi,1
yards,1
yardstick,1
yarn,1
year,55
yearly,1
years,520
yes,13
yesler,6
yeslerb2b,1
yield,5
yoga,7
yogis,2
york,25
youll,8
young,3
youre,3
youtube,5
youve,2
yr,1
yrs,4
zaml,2
zendesk,1
zeppelin,1
zero,4
zest,12
zfs,2
zone,2
zones,1
zoox,1
zuora,2
zurb,3
zurich,4
â901,1
ânagesh,1
âwaltham,1
âwww,1
ﬁelds,1
